,Label,Tweet
0,1,Olive garden get her like... #demnoodlestho #food #metoo https://t.co/L2cuYZRc9R
1,1,WaPo: It's not just young men ‚Äî everyone's playing a lot more #videogames https://t.co/stSaA8ERJl #metoo
2,1,It looks more and more like an #iPhone whats the #fun in being a #metoo https://t.co/B6BMNNsuxt
3,1,"Desserts of Halloween can be easy like this, Please help for'RT' üëáVia. So Yummy
#food #yummy #MeToo #amazing #sweet‚Ä¶ https://t.co/w8YXPK4qs9"
4,1,"Middle-earth‚Ñ¢: Shadow of War‚Ñ¢ 45.99$
https://t.co/5594zibVp8

#gamesdeals #games #steam #pc #ShadowOfWar #MeToo https://t.co/zkxjhUgOw7"
5,1,"Read the photo context,it's work out
#marriage #relation #stronger #we #MeToo #Iphone #lonely https://t.co/CqTs7P3idX"
6,1,"Read the photo context,it's work out
#marriage #relation #stronger #we #MeToo #Iphone #lonely https://t.co/Huqj9ky77q"
7,1,"Read the photo context,it's work out
#marriage #relation #stronger #we #MeToo #Iphone #lonely https://t.co/nASjyWucFr"
8,0,#teamfollowback #MeToo: Sexual harassment stories sweep social media after Weinstein allegations https://t.co/pEOeMlgLcP #followmejp
9,1,The latest #Fashion #Fitness #Forty #Food! https://t.co/LWPZi32GeB #metoo
10,1,"Me too. üòî
.
.
.
.
.
‚Äî‚Äî‚Äî‚Äî‚Äî‚Äî‚Äî‚Äî‚Äî‚Äî‚Äî‚Äî‚Äî‚Äî‚Äî‚Äî‚Äî‚Äî‚Äî‚Äî‚Äî‚Äî‚Äî‚Äî‚Äî‚Äî‚Äî
#metoo #me #gamer #girlgamer #gamergirl #nerd‚Ä¶ https://t.co/lknmawVGug"
11,1,https://t.co/rjysAHWcot beats vs. @JBLaudio #MeToo #NationalBossDay #gaming #YouTuber
12,1,The latest The Talking Biz News Daily! https://t.co/4PbufssD0t Thanks to @StevenOverly @robjohnsonIAPE @willashworth01 #apple #metoo
13,1,RT Steve_Games: #metoo DISCLAIMER https://t.co/cwDaSC7Oyu #BookBoost #IARTG #art #SciFi #amreading #Books #indie #Games #indiedev #gamedev‚Ä¶
14,1,@lilshopartbox likes meat.  #metoo #grilledcheezguy #bayarea #eatme #eatme @streetfoodsf #foodporn https://t.co/eOL9Gqpe3X
15,1,#MeToo ‚Äî A Battle Cry ‚Äì Lauren Jerome ‚Äì Medium https://t.co/DXTcItdQyX #gaming https://t.co/eMEFuFtzuw
16,1,Working on these Calf Muscles üëåüèæ #fitness #TuesdayThoughts #MeToo #Food #Foodie #rt #SHARE #Repost #gymlife... https://t.co/SocmBYueTj
17,1,I hate the new  Twitter update #SimplyComplicated #MeToo #itfandomisoverparty #LWYMMDhalloween #TheManeEvent #Thewobsters #teamfollowback
18,0,#MeToo I'm sure a million times I don't remember &amp; specifically when I do remember being sent weird &amp; creepy message over #gaming networks.
19,1,Thready Threadiest Thread: #gaming #naughtydog #metoo https://t.co/KJwQR4Ti7F
20,1,I will find a way to bring dinosaurs back - Feeling determined. ü§î#internationalginandtonicday #MeToo #WeTheNorth #2017 #videogames #humans
21,0,Molestation does not exist in #Apple's autocorrect lexicon. I wonder if #Samsung is as willfully blind. #MeToo üôàüôâüôä
22,1,"A #podcast interview with an extraordinary soul, actress, friend &amp; mom discussing #MeToo women, leadership, &amp; #food‚Ä¶ https://t.co/fP5IQ8Z2Vp"
23,0,"RT RobynOBrienUSA: A #podcast interview with an extraordinary soul, actress, friend &amp; mom discussing #MeToo women, leadership, &amp; #food‚Ä¶ ‚Ä¶"
24,0,"A vital, urgent message to survivors of #SexualHarassment or #SexualAssault (#Rape) in the worlds of #Technology/‚Ä¶ https://t.co/G2aQQvKdBX"
25,1,The latest The Financial News Daily! https://t.co/3aUDIae8xm #metoo #apple
26,1,"Time to gain some brownie pointes!
#MeToo,#datenight,#omaha,#Food,#fall,#AppleDay https://t.co/yVfR6BRobN"
27,0,Effing you up purposely. #Apple #Safari #ZeroHedge on mobile devices #metoo #bigBro https://t.co/EsQxt16MDZ
28,1,"üòéü§ò‚ù§ Reason #24 to own #Vinyl :The #weekend feels good so does listening to vinyl.
#newyorkcity #miami #la #iphone‚Ä¶ https://t.co/9wde0BzSSP"
29,1,"Stay positive, it's gonna be okay 
-
#spr√ºche #like4like #claims #positive #CHEWAT #MeToo #Lgbt"
30,0,#MeToo Leads Neogaf to go offline - what happened? Details on my blog. #videogames #news #HarveyWeinstein‚Ä¶ https://t.co/s5nLYtPnPo
31,1,Let's try it live TPS ep 9 https://t.co/1GhhG2HzGf #metoo #terrycrews #dallascowboys #harveyweinstein #newpodcaster #gamer #animejunkie
32,0,"US celebrity chef resigns over sexual harassment allegations
#restaurant #food #MeToo #johnbesh #foodie  
https://t.co/RcOgucfA2r"
33,1,#PS4live #F1 #2017 #GoodDayToDrive #Simracing #No_Assists #STR #Toro #BadHost              #HeGone #MeToo... live at https://t.co/sQlRIeafeK
34,0,#discrimination in #gaming? @theDemantoid talks about her #MeToo moments in gaming and discusses other #gamer hatre‚Ä¶ https://t.co/dUrCxgrT8S
35,0,"Retweeted Financial Times (@FT):

Anne-Sylvaine Chassany: France has its own version of #MeToo ‚Äì #Balancetonporc,... https://t.co/80mkxlCBp8"
36,0,"A 3 month process BEFORE filing a Sexual Harassment Complaint? 
#NonconsensualSexIsRAPE  #MeToo Thanks‚Ä¶ https://t.co/cX0pnqu1uV"
37,1,What The #MeToo Response Says About Women's Relationship To Power https://t.co/jhwRhw3j8K
38,0,Love this from @megan_nobertin: Humanitarian agencies are not exempt from #MeToo. Here's how they should respond: https://t.co/63ddO0CwpF
39,0,"""...implies that even in the midst of #MeToo moment,women&amp;survivors..will never be as important..as the powerful me‚Ä¶ https://t.co/MUabMAZIFy"
40,0,I couldn't have said it better! #NoMeansNo #stopsexualharassment #mybodymyproperty #strongwomen #metoo #HandsOff‚Ä¶ https://t.co/n2saNZujY0
41,1,"#manafort: I don't remember laundering money from Russia or conspiring against the United States. I'm sorry if I did.' Also, I'm gay. #metoo"
42,0,"While you were looking at anything else, Frederica Wilson has been called a whore. Run this up your #metoo radar. https://t.co/wmDyVOTYpd"
43,1,RT @r1_r2_: Discount from 20% to 80% https://t.co/jQU68wrIMJ #metoo #thebest #thorragnarok #newprofilepic #mpn #melhorclipetvzluan #ai #op‚Ä¶
44,1,"Abusing someone shows your cowardice. 31 Oct, 17 03:24 am. Report Tweet.   #AbuseFreeIndia #MeToo https://t.co/l26J5V1YXm"
45,1,We need better balance to promote better atmosphere of content creation #genderequity #metoo #sexism #pointofview  https://t.co/zgf0KS6LvK
46,1,The latest Flookie's Daily Paper! https://t.co/kfLgAnwCUS # #metoo
47,0,".@wgnkingjohn, @SteveBertrand, @EricZorn &amp; @sstantis discuss Sen. Flake's remarks, 401(k)and responses to #MeToo‚Ä¶ https://t.co/wpHNh0kDz2"
48,0,"This person is a serial online abuser. 31 Oct, 17 03:48 am. Report Tweet.   #AbuseFreeIndia #MeToo https://t.co/ym2Rorq3le"
49,1,The latest The Naija_TFB Daily! https://t.co/uDPjixh7PD # #metoo
50,1,"jbc vs gvd 

#metoo https://t.co/jwAWWlJz89"
51,1,"No more #House of #Cards. Very sad. #MeToo @netflix 

üò©"
52,0,Would B amazing if Hollywood paved the way for those #sexuallyassaulted in the #church to now come forward #godhatesabuse #nomore #metoo
53,0,#Breaking_News (The Problem with #MeToo and How We Can All Do Better) - https://t.co/NnWYpWqPmM via #Indilens https://t.co/O1DIOIhvCH
54,0,Head over to Buzzfeed‚Äôs FB page to show your support for her and all these courageous women! #unapologeticallydifferent #bewhoyouare #metoo
55,1,#metoo . Stand up for what is right. Stay strong out there‚ù§Ô∏è
56,0,#MeToo Shocked Me as a Man ‚Äî and That's the Problem https://t.co/jJJnMA6wat
57,0,A helpful reminder of the best way to avoid the #MeToo phenomenon: https://t.co/QZsaA5HtMO
58,1,Hope @KevinSpacey saved lots of money because I suspect his career is toast. #KevinSpacey #MeToo
59,0,"On @PlayersTribune @bre_stewart30 writes ""This is one of the most difficult things I‚Äôve ever done #MeToo https://t.co/d5ASW94LAw"
60,0,"""The real surprise of #MeToo was no surprise at all: that nearly every woman had experienced sexual harassment..."" https://t.co/0WPeAguXNl"
61,0,So glad my professor is giving credit to @TaranaBurke for the #metoo campaign vs Alyssa Milano
62,0,Male sexual aggressiveness has been a challenge every civilization has had to manage. #MeToo  https://t.co/M1T3yDJuAL
63,0,"""#MeToo: Does the Government Have a Role to Play in Curbing Sexual Assault?"" via @Countable https://t.co/1LWHPbnG7Q"
64,0,"Just when you think it can't get worse, we have Kevin Spacey. 
Let's make #MeToo a hashtag for ordinary women https://t.co/8LPqSj1AcN"
65,0,"Through my tears, I connected most with: 
""I could be...living life as I normally would, and memories like lightnin‚Ä¶ https://t.co/utpEACJEJT"
66,1,Make Sure you didn't Miss Amor Shabbi Post! https://t.co/E4Ny9G7onT # #metoo
67,0,"My #metoo happened only half an hour ago

This hasnt stopped"
68,1,Dear #MeToo Christians: Time to Take a Long Look in the Mirror https://t.co/NTG2NbN6EO
69,0,"Kevin Spacey story isn't ""sexual harassment."" It's pedophelia. #MeToo"
70,0,‚ÄûA Harvey Weinstein Moment for the Restaurant Industry?‚Äù https://t.co/iy2c36Vy3H #metoo #food
71,1,"I DON'T LIKE THIS LIFE - Betty Chrys,  No1 in France !https://t.co/EzsLAh1BIb #Apple #NOUVELLESTAR #metoo #SS11‚Ä¶ https://t.co/kYdWVgasNs"
72,1,#blackkeys #gpdceo #indianapolis #guangzhou #metoo#me2#doc #followforfollow‚Ä¶ https://t.co/jsqUCrZzLN
73,1,"Come and see my channel !!!
https://t.co/bTjvgIXc3q
#letsplay #gaming #YouTube #ItsOkayToBeWhite #MeToo #shit #Commentary #English #HD"
74,0,"How do child molesters get record erased? Convicted! Came forward, police don't care. Crooked.  #MeToo‚Ä¶ https://t.co/cK3rlbwOgq"
75,1,Rethink the name ??? üò≥ #metoo #halwa #chennai #food #restaurant #india #LGQ6 #lg #foodmode #foodie #blog #blogger‚Ä¶ https://t.co/j8WPJrxQHd
76,0,So I want to hear about your @Twitch Weirdness and possible #SexualHarassment? #twitch #MeToo #gamer... https://t.co/K5QHDQKWKW
77,1,#saturday late breakfast! ‚òïÔ∏èü•õü•ê #cappuccino #cappuccinos #11novembre #MeToo #latelate #food #foodporn #Foodie‚Ä¶ https://t.co/EzcpEFzRy2
78,0,#TeamFollowBack Hollywood holds #MeToo march against sexual harassment https://t.co/CFTm5fdTuC #AutoFollowback
79,1,(UNTAGGED) Hustle ALL WAYS - Sabermozes BEATS https://t.co/e7CewBQHGu via @YouTube #youtube #hustle #complex #xxl‚Ä¶ https://t.co/mcUZGJFNPl
80,1,"WORST teksi drivers RANKING,WORST world university RANKING, WORST football team RANKING-WELCOME 2 malaysia!  #metoo‚Ä¶ https://t.co/25QmN7SSnC"
81,1,"#metoo #FoodPorn #PhnomPenh #siemreap #Singapore #Laos #Palembang A BODOH Malaysian motorist,BMW1443,FAIL2use car h‚Ä¶ https://t.co/fg2D6xdupL"
82,1,"Malaysia BODOH land-A BODOH Malaysian motorist MAXIS INTERNET EXPERT,WNA5188,drive opposite ROAD DIRECTIONS@PJ Jln‚Ä¶ https://t.co/pRn2yJw0iN"
83,1,"A foreigner woman in Kuala Lumpur night market,carry different baby each day,begging 4money-Malaysia Boleh! #meetoo‚Ä¶ https://t.co/jcWG4aAd3k"
84,1,"A BODOH Malaysian motorist,WX99,FAIL2use car headlights'-where r BODOH malaysians ENFORCEMENT officers? #meetoo‚Ä¶ https://t.co/70A5YKs9gT"
85,1,#meetoo #LosAngeles #Cambodia #metoo #FoodPorn #PhnomPenh Y Malaysians BODOH polis FAIL 2confiscate motorbikes-Mat‚Ä¶ https://t.co/Fj8NxCx7OA
86,1,2many illegal MONEYLENDERS buntings&amp;illegal BANKs property AUCTION signboards@every street lamp posts-MALAYSIA TRUL‚Ä¶ https://t.co/b75gBoevPg
87,1,ASEAN SECURITY STUPID(ASS)-11 nations ASS-HOLES LEADERS b cos FAIL 2 stop  self-organizing groups- babies sales onl‚Ä¶ https://t.co/132O3ydrd3
88,0,"No hipster is giving up his #iphone over this. These kids had a better chance their plight had been sexual. #metoo? 
https://t.co/1iZdYP5sBb"
89,0,Opinion: How to make #MeToo stick this time https://t.co/HM4VkYrCqw #teamfollowback
90,1,"Smart Answer from #Apple 's #Siri
Thank you for asking, but I don't really #Date, HUMANs. #MeToo
Please Share your‚Ä¶ https://t.co/kNMpYOPqBL"
91,1,New recipe is up on the blogs go check it out https://t.co/9B00SkQ1Io #Blog #Bloggers #blogger #bloggersrequired‚Ä¶ https://t.co/aPllNaVqFu
92,1,"Time to stuff my face with turkey, mashed potatoes, and green bean casseroleüíïüçóü¶ÉüçΩ. #HappyThanksgiving2017  #MeToo #Food"
93,1,Hey guys check out our food blog https://t.co/9B00Sl7D6Y #Food #foodcomas #Foodie #FoodIsMedicine #foodwaste‚Ä¶ https://t.co/dOxmkm3sh8
94,1,"Enjoy life today, because yesterday is gone, and tomorrow is never promised.

#likeytwice #MondayMotivation #LIKEs‚Ä¶ https://t.co/5jhSbnA4OH"
95,1,"Age doesn't define maturity

#FolloForFolloBack #likeforlikeback #follow #followforfollow #follow4follow‚Ä¶ https://t.co/8WeIlgnRRE"
96,1,#AvocadoAndFeta smash. Drizzled with #OliveOil #Vegetarian #Favourite #MeToo #Christmas is near. #FoodPorn‚Ä¶ https://t.co/9BSJ1xHXz6
97,1,Victoria Steele Responds to #MeToo with #NowWhat https://t.co/xYyTZniBso #gaming https://t.co/Ja1VCsewut
98,0,"Truth.

#yesallwomen #metoo #feminist #consent https://t.co/UHAC7gczYa"
99,0,"In what universe is this normal and acceptable?

#predators
#metoo
#LaueringTheBar https://t.co/Se8uOK3hUe"
100,0,Trump Accuser Says President's Gleeful Tweets About Men Accused in #MeToo Movement Are Dangerous https://t.co/sBUULtcA5y via @people
101,1,I still cannot believe 2017. But I believe the victims. #complicit #MeToo https://t.co/vdf6bzSfws
102,0,Donald Trump Jr. Is a Moron Intent on Diminishing the #MeToo Moment Because Daddy is a Serial Sexual Harassing RAPI‚Ä¶ https://t.co/HuPMeUIeSL
103,1,Timely for WHO? #MeToo https://t.co/TvZYIaH1tR
104,0,now I can watch the #TodayShow in peace again.  #MattLauer had gotten so full of himself I could not watch.  bye 2 another creep. #MeToo
105,0,"Companies worried about hiring women cuz you know us women, we just can't stop getting ourselves sexually harassed‚Ä¶ https://t.co/qQgpzUHFUP"
106,0,#TheDumbOne @donaldjtrumpjr Is a #Moron Intent on Diminishing the #MeToo Moment!! This dipsit is the #JarJarBinks &amp;‚Ä¶ https://t.co/j2o1R8XksV
107,0,Inappropriate/improper workplace behavior must include racial discrimination as well as sexual harassment &amp; predati‚Ä¶ https://t.co/GsP2FBGVYZ
108,0,Important read from @brooks_rosa -&gt; #MeToo Is All Too Common in National Security https://t.co/Ufv1r2qWCQ
109,1,Seeing Allred etc. a #MeToo moment hits Sundance https://t.co/wWqhtt5fv0
110,0,"MORON! Just like daddy.
Donald Trump Jr. Is a Moron Intent on Diminishing the #MeToo Moment https://t.co/uEgLU5jdFO"
111,0,Check out my first video story published on Medill News site. The Clothesline Project that raises awareness of viol‚Ä¶ https://t.co/mEtkiykulm
112,1,The latest daily munch! https://t.co/V41M96cRqy #metoo
113,0,"ALL employees--black, white, male, female, gay, straight, Christian, Jewish and Muslim should feel comfortable in the workplace. #metoo"
114,0,Trump Accuser Says President's Gleeful Tweets About Men Accused in #MeToo Movement Are Dangerous - People https://t.co/pwMtWa1j3F
115,0,nowthisnews: More than 200 women in U.S. national security have signed a #MeToo letter saying they were sexually ha‚Ä¶ https://t.co/eLMAXhM7p4
116,0,"#NPR Chief News Editor Departs After Harassment Allegations
https://t.co/5wbfqFx4VP
#SexualHarassment‚Ä¶ https://t.co/m0xvBxJpTU"
117,0,Trump Accuser Says President's Gleeful Tweets About Men Accused in #MeToo Movement Are Dangerous - People https://t.co/DMZ3KaPAIB
118,0,1/4 women experience sexual assault. I told and believed I was 'oversexualized.' Now I think 1/4 men may commit sex‚Ä¶ https://t.co/2sKcguAry2
119,1,The latest The Santa Claus Daily! https://t.co/skXwNHRsdE #metoo
120,0,#MeToo Glad so many brave women are coming forward! Women of my generation (ME TOO!) endured come ons and worse fro‚Ä¶ https://t.co/rY2OLAeplk
121,0,Maybe replacing serial harassers with qualified women will change the pervasive sexism in society. #MeToo‚Ä¶ https://t.co/ZcJRqe04Ib
122,0,"'Everyone Knew' Matt Lauer 'Cheated On' Wife. ""Lauer was fired after alleged inappropriate sexual behavior througho‚Ä¶ https://t.co/syOQeh3bXP"
123,0,I hope @bettemidler kicked @GeraldoRivera in his ‚Äúunseemly‚Äù balls.  I would like to make a Citizens Arrest!  #metoo https://t.co/8wpwSa9yYD
124,0,Thanks to @drdrew for sharing our tips on how to take action if you experience workplace sexual harassment:‚Ä¶ https://t.co/3PrQVH7bL8
125,0,"Another witch hunt victim, #metoo gone viral. Some #Garrison #Keillor dude, fired for ""improper behavior"". Will thi‚Ä¶ https://t.co/4iI4dtsIhK"
126,0,What Does #MeToo Have to Do with You?  https://t.co/FsThg8AM2L? via @edstetzer
127,0,Where are the other victims of that  Moravian reprobate masquerading as a minister? a #MeToo needed. Cus we know th‚Ä¶ https://t.co/2Yu7bU6mJa
128,0,"Horrific evil still today! Where's outrage? I know #Christians help free these women but seems #LibDems, #LibMedia,‚Ä¶ https://t.co/Ty5b36xszq"
129,0,I don‚Äôt believe it‚Äôs okay for men to say crude comments to women or take advantage of them in any way. With that be‚Ä¶ https://t.co/H8sLtofaRv
130,0,"Love #MeToo women empowerment. But not loving distraction from Trump, his policies &amp; our country. Can @CNN @MSNBC‚Ä¶ https://t.co/jCAjiZKLCl"
131,0,"Unbelievable.. There is not enough characters allowed on twitter to write my opinion on his insensitive, ignorant,‚Ä¶ https://t.co/Np7kVtAk2Y"
132,0,"""That's the news from Lake Pantsbegon, where all the women say #MeToo , all the handsy men are getting fired, and a‚Ä¶ https://t.co/ZotFFjvMxS"
133,0,"Matt Lauer allegedly locked women in his office with a secret button under his desk - how sick, like in Lee Child‚Äôs‚Ä¶ https://t.co/RZQI9TXbwG"
134,0,"&lt;~~up on soapbox 
 Thank you @rosemcgowan for Finally making it Not OK to sexualy harass Anyone &amp; women in particul‚Ä¶ https://t.co/kGx0PoNEc4"
135,0,"Show us your credit score, your investment portfolio, your safe-to-show-Grandma hobbies, your writings, your accomp‚Ä¶ https://t.co/9Qvp7bx5pZ"
136,0,"https://t.co/mwFrSLU8Nv
SGIAMW: #MeToo @IamNancyT 
We reveal the #UsToo in the #MeToo campaign! Yes, some pretty aw‚Ä¶ https://t.co/f39yoj7khM"
137,0,GottmanInst: More and more women are coming forward to say #MeToo regarding sexual harassment and assault. Dr. Juli‚Ä¶ https://t.co/S9S8K9EEBz
138,0,"‚ÄúWhen I did it, I knew for sure, that I would be maligned and taken down and that‚Äôs exactly what happened.‚Äù‚Ä¶ https://t.co/7o02qK6pUV"
139,0,"Yes!! WHEN it happens to you, THEN you can decide how you can handle it, until then, hush it! #SupportSurvivors‚Ä¶ https://t.co/Kn7UYcz2Tn"
140,0,"#MeToo: 'We're shouting in unison, because that's what Swedes do' https://t.co/GZ1WFmjqi8 #TEAMFOLLOWBACK"
141,0,King of Sweden: 'Something good will come of #MeToo' https://t.co/Vo0p4CzIq5 #TEAMFOLLOWBACK
142,1,"So many people demand your respect. But give respect and you earn respect, that's easily forgotten! #MeToo‚Ä¶ https://t.co/nXmucBN3QP"
143,1,#GoodMorningBritain #CreamCheesechives &amp; #Chorizo slices. #TasteTestTuesday at  #Christmas we try everything.‚Ä¶ https://t.co/hFKcPqZ4gp
144,1,What‚Äôs up twitter world!?!? Hope everyone is having a great Wednesday and that your day is full of health and excit‚Ä¶ https://t.co/eqlguP10Fe
145,1,"Back at work after a very relaxing two days off, can‚Äôt wait to see how this goes #WorkLife #California #iPhone #MeToo #CreekFire"
146,1,A delicious holiday dinner British style üë®üèº‚Äçüç≥ü•ßüçñüçª https://t.co/XSmnYGQ7Ok #holiday #cooking #Cookingtips‚Ä¶ https://t.co/r2kM8q0W83
147,1,"My big love 
#Dog #doglovers #pomerian #follow4follow #followforfollow #likes #like4like #likeforlike #follow‚Ä¶ https://t.co/Wbmr2BlTBC"
148,1,"Happy new year.
#foodporn #YouTubeRewind #Palestine #LAFires #BlackInkCrew #kubball #MeToo #RBLBJK #MAMARedCarpet‚Ä¶ https://t.co/CTYIaN0qOc"
149,0,Trump Lost To The #MeToo Movement https://t.co/3qbCAdl3mv #firefan #NFL #sports #games #superbowl https://t.co/fTTJnVGsw4
150,1,Do you want? #MeToo #NotasDeImpacto #BlackInkCrew #AYTO #STAR #Thursday #Thursdaymotivation #delicious #love‚Ä¶ https://t.co/O2aeB7Qvwa
151,1,@ShoutGamers  NEW #fifa18 vid!! https://t.co/FhiyssyXrB #MeToo #BallondOr #gamedev #youtuber #youtuberewind‚Ä¶ https://t.co/YuYvXG9Huf
152,0,@SenateDems If you truly want to stop the culture being propagated creating #MeToo victims - then ban #films where‚Ä¶ https://t.co/n3NK1Gr0VJ
153,1,"@PattyArquette #Films, #TVshows, #romancenovels, #videogames in which male characters force unwanted physical conta‚Ä¶ https://t.co/ge3P9SNL79"
154,1,Real quick someone send me their @Deliveroo code and I'll use ittt #WriteAHappyStoryIn4Words #BallondOr #MeToo #RealFriends #Food #deliveroo
155,1,@tanamongeau when are you coming to Minnesota for a meet and greet!!‚ù§Ô∏è #likeforlike #likeforfolow #followforfollow‚Ä¶ https://t.co/0JmBSS1L8l
156,1,The latest The Afif Mas'udi Ihwan Daily! https://t.co/Dsd8boLDEZ #iphone #metoo
157,1,The latest Domba The Explorer! https://t.co/kSLSuU3miQ #iphone #metoo
158,1,Swedish police #MeToo-style Facebook group may be illegal: report https://t.co/RfwBrcpKiR #TEAMFOLLOWBACK
159,1,"Who did it better??

#poledance #chicken #woman #girl feminism #feminist #FeminismIsCancer #BREAKING #Breakingnews‚Ä¶ https://t.co/NN2QOqb9ku"
160,1,"Like your tips @zovixo  

#snowfall #InternationalMountainDay #foodie #food #snow #HereWeGo #metoo #follo #zovixo‚Ä¶ https://t.co/nOAaTnWjqI"
161,1,Swedish government debates #MeToo days after first meeting between the groups involved https://t.co/CotCT3Vbt5 #TEAMFOLLOWBACK
162,1,The latest Instantview! https://t.co/ckCiuaIW7D #iphone #metoo
163,1,The latest #Fashion #Fitness #Forty #Food! https://t.co/9Wul2qE9qN #sponsored #metoo
164,0,#ForTheRecord: no #housing no #car no #personalbelongings no access to my #mail no #medicalcare no #money for #food‚Ä¶ https://t.co/vDQRENvIdQ
165,1,Some of our favorites! BUY NOW! https://t.co/Q3yxxYAK6b #FridayFeeling #electronics #cases #iPhone #MeToo‚Ä¶ https://t.co/SrYyVIqCm2
166,0,"it's nice to see a women being a super hero for once, on her own terms and in charge of the men #metoo #StarWars‚Ä¶ https://t.co/p7IJ2W4WMe"
167,0,Opinion: Here's how we can prevent a backlash to the #MeToo movement in Sweden https://t.co/VWnBgHdQAx #TEAMFOLLOWBACK
168,1,"The father of #VirtualReality sounds off on the changing culture of Silicon Valley, the impending #MeToo backlash,‚Ä¶ https://t.co/Bnwtpflke0"
169,1,This was my last #iphone. I think we should start a #metoo action to stop this crap! My 6S is so slow since last update. Thanks @apple !
170,1,The latest Rick's Daily Dose! https://t.co/rnqXWVW1fu #food #metoo
171,1,"Rezzy always has you in his sights. Death from above!
#overwatch #esports #MeToo #gaming https://t.co/fMZ5ySn9xk"
172,1,"Great American Baking Show Winner Speaks Out About Series' Abrupt Cancellation ‚Äî 

@FoodieInNewYork @people @mic‚Ä¶ https://t.co/5KAnQcKANw"
173,1,"Do you have a Ford car, or an iPhone, or both? #whataboutus #MeToo #Apple #iphoneslowdown https://t.co/djOxTN1OnV P‚Ä¶ https://t.co/s0uEZgw5GA"
174,1,The Daily Rainbow: MULTI-COLORS featuring @TeeLoft @almawad @pegcollins https://t.co/pZpFWWLMhd #birds #books‚Ä¶ https://t.co/jMDcpnFrbD
175,1,"#CookieJar reports: ""How to make slime"" is the most Googled term in 2017. #love #instagood #PhotoOfTheDay #fashion‚Ä¶ https://t.co/2lewkazlxQ"
176,0,"Hive Mind Podcast #82 ft. Dopamean - Zybak's Tinder Experience, Going Full Normie, #MeToo Movement.‚Ä¶ https://t.co/rVe2VFE5qZ"
177,1,"And it‚Äôs just that simple!

#maths #MeToo #WednesdayWisdom #Apple #MAGA #AntiSemitism #Israel #Jerusalem‚Ä¶ https://t.co/TXifdZFUDj"
178,1,"The latest Le ""Gatineau-Ottawa"" Daily! https://t.co/73iBkdV08c Thanks to @AudreyPortela #apple #metoo"
179,1,"Please check this out, literally the best thing apple has done since the iphone #iPhone #MeToo https://t.co/ozNi28OWNJ"
180,0,"""From Trump to #MeToo: A Dizzying Year in TV News"" by MICHAEL M. GRYNBAUM and JOHN KOBLIN via NYT https://t.co/uqxJBaEDdk"
181,0,"""From Trump to #MeToo: A Dizzying Year in TV News"" by MICHAEL M. GRYNBAUM and JOHN KOBLIN via NYT The New York Times https://t.co/1YDkUkHjSF"
182,0,"""From Trump to #MeToo: A Dizzying Year in TV News"" by MICHAEL M. GRYNBAUM and JOHN KOBLIN via NYT The New York Times https://t.co/98PQwlTdyN"
183,1,"""From Trump to #MeToo: A Dizzying Year in TV News"" by MICHAEL M. GRYNBAUM and JOHN KOBLIN via NYT The New York Times https://t.co/Gosuy5LSwN"
184,0,From Trump to #MeToo: A Dizzying Year in TV News - https://t.co/H79gH0Oqml #business #smallbiz https://t.co/M1dXkPQEIm
185,1,"""From Trump to #MeToo: A Dizzying Year in TV News"" by MICHAEL M. GRYNBAUM and JOHN KOBLIN via NYT‚Ä¶ https://t.co/TR4Ka7hXwx"
186,1,"#ChangeisComing in 2018. 
Happy New Years from the Hollywood Handmaids. 
#NewYears2018 #HollywoodHandmaids #MeToo https://t.co/HYs5RKEhOa"
187,0,From Trump to #MeToo: A Dizzying Year in TV News https://t.co/TbMuxW4ifc
188,1,Happy New Year! #MeToo https://t.co/fuZtDXn7rP
189,1,From Trump to #MeToo: A Dizzying Year in TV News https://t.co/O03w0BPMp6 #newyorktimes
190,0,From Trump to #MeToo: A Dizzying Year in TV News https://t.co/jtcCHc1iVp https://t.co/vVOmGTD5u6
191,0,Imagine this in a #women #toilet. This is in #Antwerp #radissonblu  #metoo https://t.co/eZdliES1Sb
192,0,Shit on this year all you want but 2017 will be known as the year of resistance. From the Womens march to the trave‚Ä¶ https://t.co/HlkWE18YEe
193,0,From Trump to #MeToo: A Dizzying Year in TV News https://t.co/kcRPI9mzLR https://t.co/YWnUyFyzjp
194,1,"https://t.co/GLlr7ZvErF
like it! #MeToo #dkbiz #bifsif #ZeroHunger #WFD2017"
195,1,It's #NewYearsEve. I want to write something beautiful &amp; important about 2017‚ÄîThere is so much to say about‚Ä¶ https://t.co/IvseGFlZ6n
196,0,From Trump to #MeToo: A Dizzying Year in TV News https://t.co/uADslt9QxV
197,0,"I've been posting some favorite books by women I read this year, and since today is the last day of 2017, it's time‚Ä¶ https://t.co/rHUHee8jiQ"
198,0,How #MeToo could decrease the number of women in leadership https://t.co/wmK069ObRD
199,0,Love and Thanks for your support for PAVE #shatteringthesilence for more than 20 years. Help us to continue our wor‚Ä¶ https://t.co/l9lDiyK72a
200,0,"""Universities Face #metoo Movement Over Sexual Harassment"" https://t.co/eNj447KMZM"
201,0,Universities Face #metoo Movement Over Sexual Harassment https://t.co/3ljqQl2kjO https://t.co/5l4ZduUdtw
202,0,From Trump to #MeToo: A Dizzying Year in TV News https://t.co/VY6H0E89GQ
203,0,"2017 summarized. 

#WeResist #TheResistance #WRU #MeToo #Neverthelessshepersisted #BlueWave #BlueWaveIsComing‚Ä¶ https://t.co/bx1dsWbDvx"
204,0,Japan's #MeToo Moment https://t.co/kf1lWfI5GH
205,1,"Dumb comments of 2017 pt. 1

Blk wmn: black men ain't shit!
Yt wmn: watch out shanequa I got ass too! boxer braids,‚Ä¶ https://t.co/Xiv0RtDN0P"
206,0,"Why you should be rewatching HBO's ""Enlightened"" in the wake of #MeToo: https://t.co/XKyt7AixZh https://t.co/wmuCOyEutb"
207,0,"From Oregon to Maine, statehouses are having their own #MeToo reckonings https://t.co/0u58qoRV3T #metoo"
208,0,"Curves, racial justice, marches, Advancement Project, @ijessewilliams, #metoo, eloquii, and‚Ä¶ https://t.co/ID2dOJgcby"
209,0,"Where are you #MeToo?

3 women killed &amp; countless injured.  Why?  The want the right to an education, hold a job, &amp;‚Ä¶ https://t.co/6KM47TVJCZ"
210,1,"""...exclusive, drug-fueled sex parties where claims of carnal liberation mask a problematic power dynamic.""‚Ä¶ https://t.co/HPWgHuOKTj"
211,0,#sexualabuse in the #Gaming industry needs to stop. This will be a topic of discussion on #offendedaf #podcast this‚Ä¶ https://t.co/eQCtoTU9DH
212,1,"Interesting &amp; frustrating. 

Perhaps some of the bigger &amp; myriad fandom sites could give this issue a bump, which c‚Ä¶ https://t.co/p5eXncCN93"
213,1,"How do you play fighting #games? 
#MeToo #gamers https://t.co/UwO2pymgdn"
214,1,"Guy gives the ""King of the Pudding Race a bad name. 

#Scotland 
#culture 
#food 
#foodie 
#MeToo 
#RabbieBurns‚Ä¶ https://t.co/kTcz4WsWuT"
215,1,Eat healthy and stay wealthy! #MeToo #HarvardHealth #NoTobacco #pltransform #saladmaster #life #food #wealth #death #newYear
216,1,#MeToo #MAGA #GhostAdventures #paranormal #Chiefs #Trump #VegasBorn #vegan #NHL#GlobalWarming #QAnon #climatechange‚Ä¶ https://t.co/on7AfMFs8T
217,1,"Night 6 of the bts outcast!!

#btsoutcast #btsofficial #bangtanboys #flirtaus #jungkook #jimin #jhope #suga #rm‚Ä¶ https://t.co/sL1OtNQWwX"
218,1,"Night 6 of the bts outcast!!

#btsoutcast #btsofficial #bangtanboys #flirtaus #jungkook #jimin #jhope #suga #rm‚Ä¶ https://t.co/BO2sd8kL2c"
219,1,"Night 6 of the bts outcast!!

#btsoutcast #btsofficial #bangtanboys #flirtaus #jungkook #jimin #jhope #suga #rm‚Ä¶ https://t.co/EesXZRXGBd"
220,1,"Night 6 of the bts outcast!!

#btsoutcast #btsofficial #bangtanboys #flirtaus #jungkook #jimin #jhope #suga #rm‚Ä¶ https://t.co/T2CsDbAe4K"
221,1,"Night 6 of the bts outcast!!

#btsoutcast #btsofficial #bangtanboys #flirtaus #jungkook #jimin #jhope #suga #rm‚Ä¶ https://t.co/hWNT04frrg"
222,1,"Night 6 of the bts outcast!!

#btsoutcast #btsofficial #bangtanboys #flirtaus #jungkook #jimin #jhope #suga #rm‚Ä¶ https://t.co/MmqSY69fN5"
223,1,"Night 6 of the bts outcast!!

#btsoutcast #btsofficial #bangtanboys #flirtaus #jungkook #jimin #jhope #suga #rm‚Ä¶ https://t.co/qh2gxWQtO2"
224,1,"Night 6 of the bts outcast!!

#btsoutcast #btsofficial #bangtanboys #flirtaus #jungkook #jimin #jhope #suga #rm‚Ä¶ https://t.co/k21B9BIfA3"
225,1,"Night 6 of the bts outcast!!

#btsoutcast #btsofficial #bangtanboys #flirtaus #jungkook #jimin #jhope #suga #rm‚Ä¶ https://t.co/a1PEimxIgt"
226,0,#pay what u owe me mother #fucker‚Äîtreating me like #property‚ÄîI #loved @Apple‚Äîyou talked me out of buying #Stock cuz‚Ä¶ https://t.co/BrP9is7g1Q
227,1,"The Golden Globes 2018 üèÜ https://t.co/a23FnmxwA2 

#thegoldenglobes2018 #thegoldenglobes #oprah #oprahforpresident‚Ä¶ https://t.co/sRVD7939Fa"
228,1,"Yes! Another Happy Reader of 
Saint John Lennon!
Are you reading it yet?

Join the movement!‚Ä¶ https://t.co/l5zlaf3Lss"
229,1,@babyloncorner3 #Grateful for #MeToo #Timesup #Blogpost #RT. #Blessings Chris Tracy #food #plants #farming Give2Grow.tk
230,1,The latest #Fashion #Fitness #Forty #Food! https://t.co/iwmtK2QQUm #itonya #metoo
231,1,"Freestyle Of A Fatty by Cali's SilverTongue
#KeepPounding
#Blockchain
#food
#rain
#RAP
#RT
#NationalChampionship‚Ä¶ https://t.co/G7jQvZCqtd"
232,0,"Why hasn't #MeToo impacted #gaming industry? Time For Harassers To Be Held Accountable, Female Gamer Says @NPR https://t.co/Vwap8Yvd1C"
233,0,How about targeting low representation of women in fund mgmt &amp; require mgrs to provide data about the gender compos‚Ä¶ https://t.co/ZIuFoYiVBj
234,1,thinking a few #teachers here might do them good to b #slammed round #cuffed #played #sexual #games with‚Äîcourse the‚Ä¶ https://t.co/QTNTPtu614
235,1,"#Food #Wine No One Knew How To Take Seth Meyers‚Äô Harvey Weinstein Joke

Seth Meyers had a difficult task on Sunday‚Ä¶ https://t.co/vScxCCHsab"
236,0,never disrespected any of them‚Äîloved my #husband dearly‚Äîtried to please his #cruel #friends also‚Äîlearning now all h‚Ä¶ https://t.co/W5ZkWD6bak
237,1,"100% me.

Follow me for daily content. üíö

#lol #chat #MeToo #foodlovers #Food #lmao #Love #Liebe #Follow https://t.co/ZUhDxSSVei"
238,1,Time to get excited! A New MK is here to entertain you! #TimesUp #GoldenGlobes #Whole30 #Oprah #Allyship‚Ä¶ https://t.co/8nwrwj2pXw
239,0,Women in d video game industry have a culture of silence about sexual harassment. They are afraid they will lose th‚Ä¶ https://t.co/0QcTUagPHx
240,0,Actors like Adam Croasdell who abuse what little fame they have in #Hollywood lure young girls online to extreme BD‚Ä¶ https://t.co/QICfOffEnv
241,1,Deadpool 2 Keeps TJ Miller Amid #MeToo Controversy - IGN Daily Fix https://t.co/pFgcTR2vUu #gaming #videogames #gamers
242,1,The latest E. Michael Harrington Daily! https://t.co/zCXpBvN75r #metoo #videogames
243,1,"Health Benefits Of Green Tea
Spy and Hidden Camera Detector https://t.co/jPMPOx5ZKM
#UFCSTL #AusOpen #Stephens‚Ä¶ https://t.co/wkS8LxnoiG"
244,1,The greatest physical comic of all time. No debating! #iphone #MeToo @TonyTRoberts #GOAT The Ali of comedy https://t.co/pWCM7tlyhf
245,0,#Food writer @ElisabethLuard talks abt #sex in the sixties &amp; the #metoo movement. Shld #women have spoken out earli‚Ä¶ https://t.co/Uz9KGVQ2SA
246,0,#TeamFollowBack Margaret Atwood faces feminist backlash for #MeToo op-ed https://t.co/XvpuZGdbls #AutoFollowback
247,1,The latest The Exec Wire Daily! https://t.co/G34ZOdSLKj #metoo #ipad
248,1,The latest The Luigi Forlai Daily! https://t.co/jc3wDlt511 #metoo #apple
249,1,"Health Benefits Of Zucchin
Tasty healthy:https://t.co/QCzAlCUZCm
#breakfast #tasty #fresh #foodblog #yummy #kofta‚Ä¶ https://t.co/6lHMTpkhgG"
250,1,#metoo Breaking News: There is NO more RACISM in US w/ the advent of high tech glasses that can camouflage colors t‚Ä¶ https://t.co/QvxNHGjvE9
251,1,#monstersofthedeep¬†perfect description for¬†actors like¬†@ACroasdell¬†who abuse what little fame they have in¬†‚Ä¶ https://t.co/WswVwPOaj5
252,0,#monstersofthedeep¬†perfect description for¬†actors like¬†@ACroasdell¬†who abuse their fame they have in¬†#Hollywood to¬†‚Ä¶ https://t.co/d375GOb4Te
253,1,"Chicken and Asparagus Crepes
Tasty healthy:https://t.co/QCzAlCUZCm
#chef #cooking #foodporn #recipe #cook #vegan‚Ä¶ https://t.co/ao8sXcquBW"
254,1,The latest ReadWriteLearn's Daily Digest! https://t.co/e9bgFS1pnB Thanks to @annmic @ell_teacherpros #metoo #food
255,1,"We have all done it... when Siri gets one question wrong, she is trash to us and we let her know. Haha sad face‚Ä¶ https://t.co/DcwzCX5EFh"
256,0,#monstersofthedeep¬†perfect description for¬†actors like¬†@ACroasdell¬†who abuse what little fame they have in¬†‚Ä¶ https://t.co/05LeCRbegJ
257,1,"My 1000th #channel #subscription gets one of my kidneys if needed. Important, blood type ""0"" required. #ypp‚Ä¶ https://t.co/7B9j4lp1Oh"
258,1,"Truth .
.
.
.
.
.
.
.
#justshoot
#justgoshoot
#followme #Followforfollow #follow4follow #MeToo‚Ä¶ https://t.co/TLZtS4dBoU"
259,1,"I'm against violence, and you?ü§û
#TimesUp 
#MeToo 
#MarchforLife 
#WomensMarch2018 
#like4like https://t.co/KJIUZfEFbU"
260,1,"Egyptian Recipe - Mediterranean grilled chicken 
https://t.co/iCT6GfGURs

 #MeToo
#reddit 
#foodporn  #lifestyle‚Ä¶ https://t.co/MNN4j5wm7g"
261,1,"hey waddup @fishiedesu_ @Rei_The_Kitten yall wanna do some wood polish shots or smoke on some drywall, if not I get‚Ä¶ https://t.co/56U9LaTJOV"
262,1,"Grilled Vegetable Pizza
For Iphone https://t.co/QJ5PoWGiQu
For Android https://t.co/v02x7tE2E4
#chef #cooking‚Ä¶ https://t.co/63sB7jrAP1"
263,0,"Brain is bursting after brilliant @5x15stories @TabernacleW11: 
5 stunning speakers: @owensheers moving on Boys'‚Ä¶ https://t.co/o84wPbYWaz"
264,1,The latest The Turgay akar Daily! https://t.co/yj2ExD1LZs #iphone #metoo
265,1,The latest #Fashion #Fitness #Forty #Food! https://t.co/ffJkI2t0r3 #metoo
266,0,The video #games industry isn‚Äôt yet ready for its #MeToo moment | Keza MacDonald https://t.co/9gny4Ohl1G
267,0,In pictures: Swedish stars stage #MeToo protest at movie awards https://t.co/iXwyeS1OSc #TEAMFOLLOWBACK
268,0,The video games industry isn‚Äôt yet ready for its #MeToo moment | Keza MacDonald https://t.co/oAs5IxFSqA #gaming
269,1,The latest #Fashion #Fitness #Forty #Food! https://t.co/XqngL84vXV #metoo
270,1,üêç #monstersofthedeep¬†perfect description for¬†actors like¬†@ACroasdell¬†üêÄ who abuse what little fame they have in¬†‚Ä¶ https://t.co/kbegauhU7s
271,1,The latest #Fashion #Fitness #Forty #Food! https://t.co/jyjTUpYXJL #metoo
272,1,The latest English News! https://t.co/oIZhwzz7WY #metoo #apple
273,0,Been wondering when the #metoo movement would hit #gaming #SteveWynn #abouttime
274,1,"#teamfollowback #MeToo, gun violence, 'Despacito' make for potent Grammys brew https://t.co/1X8IkWwD19 #followmejp"
275,0,"#MeToo movement had to happen, Jay-Z tells Van Jones https://t.co/IgAU8O1P9f #teamfollowback"
276,0,#MeToo's role ahead of Trump's speech https://t.co/94kFQ8frfw #teamfollowback
277,1,"This game has some pretty Inappropriate visuals  Check it out! https://t.co/tyYBdZE6GK

#japanesegames‚Ä¶ https://t.co/HecocbFYtX"
278,0,‚ÄúSeeing a woman in a position of power helps other women feel comfortable (on #metoo in the restaurant space) - Ang‚Ä¶ https://t.co/3xbUic8as0
279,1,Got the planks stained and ready to attach. #attention #attach #bread #green #backs #harrypotter #stone #iphone‚Ä¶ https://t.co/TcDimTC8fh
280,1,"@JustenMartian @LPCVan researching Topics Church won't #Discuss https://t.co/UWsw5IFqxP

In Name Kinghunter #Nimrod‚Ä¶ https://t.co/kY6rNJCpx0"
281,1,Monster Hunter is fine. #monster #hunter #monsterhunter #monsterhunterworld #monhun #videogames #dunny #funny‚Ä¶ https://t.co/NKuJMGo4ir
282,1,"TAKE TO THE PHONES
#CallBankAmerica 800-732-9194
jam phones disrupt business
Start a run on the bank Force Congress‚Ä¶ https://t.co/SIThAUELKL"
283,1,The latest London Lifestyle Escorts! https://t.co/c8BBNF05lY #sotu #metoo
284,0,#MeToo: Norway harassment whistleblowers against former Labour Party deputy leader Trond Giske criticise media over‚Ä¶ https://t.co/vczy4xWCVH
285,0,"Time's up for James Bond: 007 is too toxic for the #MeToo was? https://t.co/MjYOKB0g3G 

I loved the subject they a‚Ä¶ https://t.co/iuRmaOX8CS"
286,0,Fox Axes Charlie Walk From ‚ÄúThe Four‚Äù Amid Sexual Harassment Allegations #TimesUp #MeToo https://t.co/UikpCu1ptP
287,0,Fantastic article on the need for ethical practices in online social movements like #MeToo by @mike_salter https://t.co/Lp3Oej0dJb
288,0,The #metoo conversation continues. Thank you for shedding light on what's happening locally and featuring our surve‚Ä¶ https://t.co/LY5RFaLCBc
289,1,"Swanee Hunt is the the former United States Ambassador to Austria, and the President of the Hunt Alternatives Fund.‚Ä¶ https://t.co/DPFO9O9qzx"
290,0,when you see the same people who bash women for the #metoo movement celebrating #bellletstalk day ü§¶üèº‚Äç‚ôÄÔ∏è
291,0,"Brittany Bronson: Steve Wynn and the Economic Inequality Behind #MeToo, via @nytimes https://t.co/1nwqCdD6kF"
292,0,Kate Upton Reveals #MeToo Moment https://t.co/7k5Fav7UcM
293,0,Half the Picture proves that #MeToo alone won‚Äôt solve sexism in entertainment https://t.co/RKkuwr029f
294,1,"""So, white women, listen up. We‚Äôve got to do better. ... It is not up to women of color to save this country from i‚Ä¶ https://t.co/W5bieBrwP6"
295,0,Messages From The Masculine #243: How Can We Connect In The #timesup #metoo Era? Messages From The Masculine #243:‚Ä¶ https://t.co/xrysKktPre
296,1,The world at this time is full of impotence and anger. Because of #POTUS and #metoo and other things. It really sui‚Ä¶ https://t.co/cXuX66t5vO
297,0,Half the Picture proves that #MeToo alone won‚Äôt solve sexism in entertainment https://t.co/rj70Dhw7dv https://t.co/mQFDJRG9ea
298,0,#MeToo - Islamic Scholar Who Is Professor At Oxford Taken Into Custody For Alleged Rapes https://t.co/3kyZGdaDtG https://t.co/WFjdgss9Ml
299,0,"""Research shows many women continue to hide the names of their harassers because they fear coworkers won't believe‚Ä¶ https://t.co/15V1Yllq6w"
300,0,Feminists from 3 different generations talk #MeToo - Vox - Vox #feminists https://t.co/6SBKLfwDNQ
301,0,What To Say When Someone Jokes About Sexual Assault https://t.co/POzrJcTMxA  #metoo #timesup https://t.co/jSTbPuaou6
302,0,"Okay, I'll solve this vexing dilemma. Send me the painting.  I have room for it and snowflakey #Timesup and #MeToo'‚Ä¶ https://t.co/he7iQWyZzo"
303,0,Half the Picture proves that #MeToo alone won‚Äôt solve sexism in entertainment https://t.co/H9RuVwQZgj https://t.co/sOtSUwItWb
304,0,Review Dating Policy in Light of #MeToo Movement https://t.co/oTXy6Hdiag https://t.co/cwg7Ho7pQ6
305,1,"¬ªI just think that if you have something to say, you should say it to the police, not to the press and handle it th‚Ä¶ https://t.co/8L09o6WAyz"
306,0,Watch Actor James Franco‚Äôs Accusers Speak Out On Good Morning America  https://t.co/0MXewnvaFo  #metoo #timesup https://t.co/10DQRsLwFc
307,0,Sexual harassment and #MeToo in Canadian Parliament https://t.co/UDzLeqMfPQ
308,0,"If the Grammys want to say #MeToo and #TimesUp, they have to address objectification https://t.co/rojAqqklh9 via @FeministCurrent"
309,0,"Kesha's #MeToo Grammys moment praised by Sony, sparking social media backlash https://t.co/Wbc9i8n4PK via @HuffPostEnt"
310,0,"On #MeToo in brand advertising: ""Women need to be part of the dialog for anything to truly change."" https://t.co/VCOr1yjJzd"
311,0,"Rose McGowan speaks out on #MeToo, sexual abuse in Hollywood https://t.co/Y6N0tM3reN via @YouTube"
312,1,"And, as a Liberal, Jack, I have never mocked or made fun of the misfortune and suffering of others.  Speaking of st‚Ä¶ https://t.co/GKPFOIh2OQ"
313,0,Hammond + Chicago Democrats = Madigan #MeToo https://t.co/yDFhC7GRTf
314,0,"this undercuts the seriousness of #metoo guys, come on... https://t.co/v4YQGNiVOS"
315,0,"Much like #MeToo it might help those reluctant to seek mental health treatment for others, famous people sharing th‚Ä¶ https://t.co/KT8hDwWTLB"
316,1,House Intel Democrats Busted in Another Lie - Caught LEAKING FAKE NEWS About Rep. Devin Nunes‚Ä¶ https://t.co/ftmrMjUJUL
317,0,Half the Picture proves that #MeToo alone won‚Äôt solve sexism in entertainment https://t.co/npUYIoP6pP https://t.co/B7K7bRqIGr
318,0,"So, is it a rite of passage for Democrat mayors to have extramarital affairs? Berke then Barry? Ohhhhh, now I get t‚Ä¶ https://t.co/kS5sCK1M0y"
319,1,"The Life of a #Cannabis #Farmer: Trafficked, Beaten, Enslaved

Read the incredible story: https://t.co/AhA5kUURre‚Ä¶ https://t.co/XIXqD2tEMT"
320,0,"""Corporate sponsors of Olympians enter the #MeToo fray"" via https://t.co/PjQcZFEL3u #sacramento #foodies #food"
321,0,GDC rescinds Atari founder Nolan Bushnell‚Äôs Pioneer Award after #MeToo protests https://t.co/Jl1ftXOxb2 #Business‚Ä¶ https://t.co/X9DnFKc3A6
322,1,Oh c'mon! The #NotNolan campaign is such bullshit. @Official_GDC honors ppl for their work in the #videogames indus‚Ä¶ https://t.co/sSGFM0xzCX
323,1,Hello #America! If you crave #influencernews  and #gossip follow #CookieJar daily on twitter.  #NYC #gaming‚Ä¶ https://t.co/UY1mTdmFC9
324,1,"The video games industry isn‚Äôt yet ready for its #MeToo moment.
https://t.co/xDFsJ01ayU via @guardian #gamedev #videogames"
325,0,"‚ö°Ô∏è#Moments:#Atari founder loses out on #gaming #award after sexism outcry
#NolanBushnell was to receive‚Ä¶ https://t.co/BVMvr3CfvF"
326,0,"What is this #NotNolan
Bullshit?
He seemed rather tame, he's no sex offender
Didn't seem like he was trading blowjo‚Ä¶ https://t.co/aFb4I4Xg6v"
327,1,"Handsomely. Fast. Delicious
For Iphone https://t.co/QJ5PoWXTI2
For Android:https://t.co/QCzAlDcAtU
#canada #uk‚Ä¶ https://t.co/zQbmZRjLhd"
328,1,"I like a little bit of everything thx @Spotify ‚ô°
#Musik 
#Music 
#turnthisup 
#followmyspotify #followforfollow‚Ä¶ https://t.co/OgvdxToAjH"
329,1,The Cli3nt weighs in on the @Official_GDC decision to rescind awarding @Atari founder @NolanBushnell the GDC Pionee‚Ä¶ https://t.co/G0SeP39is2
330,1,Keep your head up ‚ò∫Ô∏è‚ù§Ô∏è #womenempowerment #womensupportingwomen #follow4follow #wdl #womenequality #followforfollow‚Ä¶ https://t.co/nlwrlZImiI
331,1,The latest #Fashion #Fitness #Forty #Food! https://t.co/VO2yhAUbqu #metoo
332,1,"Republic Records Honcho Charlie Walk, Alleged Extortionist Recorded Leaving #MeToo Threat  #nakimedia #news‚Ä¶ https://t.co/tFaF4eClOR"
333,0,"Republic Records Honcho Charlie Walk, Alleged Extortionist Recorded Leaving #MeToo Threat  #nakimedia #news‚Ä¶ https://t.co/YfyUBG3tHe"
334,1,"Republic Records Honcho Charlie Walk, Alleged Extortionist Recorded Leaving #MeToo Threat  #nakimedia #news‚Ä¶ https://t.co/6UlSzkmQwA"
335,1,"Republic Records Honcho Charlie Walk, Alleged Extortionist Recorded Leaving #MeToo Threat  #nakimedia #news‚Ä¶ https://t.co/SQEmEUB2HB"
336,0,Looking for strong #northeast and #Scottish voices for and against the #metoo movement for an interview #journorequest #followforfollow
337,1,"Hold on, stand strong, you are closer than it seems. #PleaseStand #affirmation #empowerment #inspiration‚Ä¶ https://t.co/go2iivpiMj"
338,1,The latest Business! https://t.co/uMeRsagLP8 #metoo #apple
339,0,"#teamfollowback ""#MeToo to the fore at this year's Berlin film festival https://t.co/Arsnaxjhmd #followmejp"
340,1,Hello #America! If you crave #influencernews  and #gossip follow #CookieJar daily on twitter.  #NYC #gaming‚Ä¶ https://t.co/LM64d2if4q
341,1,Programmatica is out! https://t.co/Ozq3r8CFxl #metoo #apple
342,1,The latest News of Display .com! https://t.co/PdpcP6Zl7D #metoo #apple
343,0,#MeToo Movement Hitting the Gaming Too? My take on the Bushnell not receiving the Pioneer award. #Atari @atari‚Ä¶ https://t.co/iuQ3GxG1bM
344,1,The latest ‚ôõ The Shonda &amp; Company Daily ‚ôõ! https://t.co/jzgo9ZiZjU Thanks to @SupermanHotMale @VibeMagazine #iphone #metoo
345,1,The latest The Nizar Daily! https://t.co/ryChSrpft1 #iphone #metoo
346,1,Hello #America! If you crave #influencernews  and #gossip follow #CookieJar daily on twitter.  #NYC #gaming‚Ä¶ https://t.co/tHdNGFfaHa
347,0,#teamfollowback New York fashion show to highlight #MeToo movement https://t.co/9rCmLxmSBX #followmejp
348,0,Culminating presentations today for our feminism unit. Students gave speeches on #harassment #metoo #abuse‚Ä¶ https://t.co/NxYTEXrMc5
349,0,"Donald Trump Lashes Out at #MeToo Movement, People Deserve Due Process  #nakimedia #news #inserate #ads #love‚Ä¶ https://t.co/Qjy4fOCLGc"
350,1,"Donald Trump Lashes Out at #MeToo Movement, People Deserve Due Process  #nakimedia #news #inserate #ads #love‚Ä¶ https://t.co/RlgLinjosf"
351,0,"Donald Trump Lashes Out at #MeToo Movement, People Deserve Due Process  #nakimedia #news #inserate #ads #love‚Ä¶ https://t.co/aZrPuDhIvJ"
352,0,Kellyanne Conway Says Trump Was Not Criticizing #MeToo Movement  #nakimedia #news #inserate #ads #love #followme‚Ä¶ https://t.co/Fs2qKGsfM1
353,1,Hello #America! If you crave #influencernews  and #gossip follow #CookieJar daily on twitter.  #NYC #gaming‚Ä¶ https://t.co/H0F6Ynbg2z
354,0,"Jeremy Piven's Girlfriend says #MeToo is Ruining Her Life, Too  #nakimedia #news #inserate #ads #love #followme‚Ä¶ https://t.co/Bd4akbdUlY"
355,1,Hello #America! If you crave #influencernews  and #gossip follow #CookieJar daily on twitter.  #NYC #gaming‚Ä¶ https://t.co/z4LNU9KlDC
356,1,TBH i'm just here to get all the clout #MeToo #pagani #porche #losangeles #toronto #native #followforfollow‚Ä¶ https://t.co/jkVISBJRkL
357,1,"What do people do when they are horny?
#pagani #porche #losangeles #toronto #native #followforfollow #instafeed‚Ä¶ https://t.co/EnvQuFtA1H"
358,1,Check out Part 3 of my Podfest journey! #PME18 #PodernFamily #videogames #metoo https://t.co/NG7ZLoU1g0 https://t.co/JnP0KFqq32
359,1,Hello #America! If you crave #influencernews  and #gossip follow #CookieJar daily on twitter.  #NYC #gaming‚Ä¶ https://t.co/1PEjHLx56s
360,1,#MeToo | Is There A Reckoning Due for the Gaming Industry? https://t.co/K0G2tx8AK7 #Gaming #gaming #sexualassault https://t.co/yKnSEZYMbu
361,0,"So, am i correct in saying that the whole #MeToo social media campaign has devolved into the political equivalent of #foodporn ?"
362,1,"Atari‚Äîaccording to women who were there‚Äîin this week's WIGI Weekly: https://t.co/fN2dnF7rmZ
#Atari #Metoomovement‚Ä¶ https://t.co/vmfNQ46F6A"
363,1,Did you know this? This is a screenshot of my phone whilst testing it ‚ô•Ô∏èüåπ Keep Safe Ladies &amp; Gents and retweet this‚Ä¶ https://t.co/WnPjixhv9v
364,0,"Aoife Martin looks at how the #MeToo movement can be applied to the #gaming industry

https://t.co/IapeEE4VI4 https://t.co/t4NeSL0oUx"
365,0,"#BFI plans to combat #sexualharassment: https://t.co/XasCLFKKFh

#videoblogg #news #film #cinema #uk #EmmaWatson‚Ä¶ https://t.co/iCEP5NHfaf"
366,1,Hello #America! If you crave #influencernews  and #gossip follow #CookieJar daily on twitter.  #NYC #gaming‚Ä¶ https://t.co/3j31gkGVh9
367,0,"In the wake of @Quantic_Dream coming under scrutiny for its alleged attitude towards female employees, @aoifemrtn a‚Ä¶ https://t.co/rjSWnttmDq"
368,0,China‚Äôs feminist movement braves a government crackdown on #MeToo #tech #technology #gadgets #science #computer #pc‚Ä¶ https://t.co/fIQpEblCo0
369,1,"James Beard, Paul Qui, and the Role of the Restaurant Critic in the Age of #MeToo https://t.co/Gbm84u5H4P #Chefs #Food"
370,1,"Tomato Crostini
For Android https://t.co/sU0uzgjagR
For Android https://t.co/zUiKecJbjD
 #recipe #cook #vegan‚Ä¶ https://t.co/hEkjgjkyvV"
371,1,"Do you know about the top trends in #iPhone app #development for 2018? If not, then you have landed on a right plac‚Ä¶ https://t.co/hiLkuEcHQU"
372,0,It was inevitable that #MeToo would expand beyond the movie industry. Aoife Martin looks at the #gaming industry po‚Ä¶ https://t.co/uQ9hukF7Cr
373,0,"Is there a reckoning due for the gaming industry?

#gaming #metoo
https://t.co/IapeEE4VI4 https://t.co/GzSqNkHXx3"
374,0,How #Restaurantcritics are navigating through the #metoo movement.  #critics #food @NewYorker  https://t.co/z1BtNqFeFo
375,1,"Celebrity üòç 
#model #Modeling #MeToo #love #beauty #Swimming
#instagood #bikini
#tbt #FolloForFolloBack‚Ä¶ https://t.co/wv0ccEaAXz"
376,1,"Chicken Osso Buco
For Android https://t.co/zUiKed0MId
For Android https://t.co/0lQ8DYOw4N
#UFCAustin #IceDancing‚Ä¶ https://t.co/Wp5rAJJOLE"
377,1,Hello #America! If you crave #influencernews  and #gossip follow #CookieJar daily on twitter.  #NYC #gaming‚Ä¶ https://t.co/nhKNTVxVvT
378,1,"Is there a #MeToo reckoning due for the #gaming industry?

https://t.co/IapeEE4VI4 https://t.co/dJJ9IeYVEC"
379,1,Hello #America! If you crave #influencernews  and #gossip follow #CookieJar daily on twitter.  #NYC #gaming‚Ä¶ https://t.co/E9vUEv1Au6
380,0,Abuse of female gamers turned upside down with #MyGameMyName in this week's WIGI Weekly: https://t.co/LIBk7yPYyq‚Ä¶ https://t.co/xW5TGwJuAS
381,1,"Scutify Pre-Market. Pandora Jumps On Subscription Revenue Growth, Roku Plunges After Weak Forecast. #Earnings‚Ä¶ https://t.co/BvfpRBLdko"
382,1,Hello #America! If you crave #influencernews  and #gossip follow #CookieJar daily on twitter.  #NYC #gaming‚Ä¶ https://t.co/BjYhtar7GD
383,1,The latest Romy...all a else...World-The Truth! https://t.co/7LOfUj1ZA8 #metoo #gamenight
384,1,Hello #America! If you crave #influencernews  and #gossip follow #CookieJar daily on twitter.  #gaming #Chicago‚Ä¶ https://t.co/Whdn5SNrvS
385,0,"#MeToo, Now What?, ""The Culture of Complicity"" - https://t.co/dO8W6AyZpC This is the best talk on objectification o‚Ä¶ https://t.co/Ndljf1o1p8"
386,1,Hello #America! If you crave #influencernews  and #gossip follow #CookieJar daily on twitter.  #gaming #Chicago‚Ä¶ https://t.co/oWkLNjAqol
387,0,Preach. Spread the word. This is for both sides of the political spectrum. #MarchForOurLives #MeToo #TimesUp‚Ä¶ https://t.co/ruUAGXQWlO
388,0,#MeToo pushes 48% of companies to review pay policies https://t.co/MfVyT3U85i
389,0,"Toxic masculinity breeds #gunviolence 

Extra #coward points for Brian who privately sent this lovely message to me‚Ä¶ https://t.co/CaYmwQyDIk"
390,1,'#MeToo' Dilemma For Oscars Academy Awards https://t.co/bq2tajgKLv
391,1,N.R.A. Logo? No. #MeToo Shirt? Maybe. Justices Weigh Political Apparel at Polls. A challenge to a ... https://t.co/QAjn4tZ4Gv
392,0,Huffington Post - Oscars Host Jimmy Kimmel Explains Why He Won't Reference #MeToo And Time's Up https://t.co/NLvPxp6FB9
393,0,Ryan Seacrest ‚Äúthe latest roadkill‚Äù in #MeToo's war on due process | Ama... https://t.co/XMlo5jZ2t8 via @YouTube
394,0,Gender balance in mining #Diversity #WomenEmpowerment #WomenInMining #womenleaders #MeToo #WomensRights #diversity‚Ä¶ https://t.co/ELSWqvF9Q0
395,0,This story is incredibly moving and well written. Such an important story on the #MeToo movement worldwide. https://t.co/RhHwZ8VpA2
396,1,The brave new world where sport will consist of men beating up women. #MeToo #NotYouToo #YeahMeToo #OhShit #Yeah https://t.co/gaTp6UyvCM
397,1,‚ÄúWhat‚Äôs Missing from #MeToo and #TimesUp: One Indigenous Woman‚Äôs Perspective‚Äù by Princess Daazhraii Johnson https://t.co/XTQUWih2j6
398,1,The latest #Fashion #Fitness #Forty #Food! https://t.co/exr3oPINIM #vogueworld #metoo
399,1,#metoo barbra streisand is just beautiful wonderful to see her fun side shes just adoriable
400,0,Fantastic to speak to broadcaster &amp; journalist @Alisonmau  about the launch of her national #metoonz investigation‚Ä¶ https://t.co/NWQ1BcX6FC
401,0,The royal family usually doesn't take a stand on political issues. But today the 'Fab Four' as I like to call them‚Ä¶ https://t.co/Z6uEfaK0OT
402,0,"‚ÄúI think it‚Äôs very curious that Amazon didn‚Äôt make public the results of their internal investigation""‚Ä¶ https://t.co/PrJjy5E5e4"
403,0,‚Äò#MeToo‚Äô Dilemma For Oscars Academy¬†Awards https://t.co/33dwQXojrA
404,0,Well now at least Colorado Republicans can relate to the confusion and uncertainty that victims of sexual harassmen‚Ä¶ https://t.co/A3psQjOsc4
405,0,Monica Lewinsky: Emerging from ‚Äúthe House of Gaslight‚Äù in the Age of #MeToo https://t.co/PAFWNrG3Bs
406,0,"Meghan Markle and the Duchess of Cambridge join the Me Too, Time's Up conversation #metoo

https://t.co/MIDi6Zd0vt"
407,1,"Camille Paglia on #MeToo: ""Great art has often been made by bad people"" https://t.co/lD2RW6UNkk https://t.co/EuA3IPpWI6"
408,0,#metoo event in Northampton highlights different racial and cultural perspectives on mo... https://t.co/pcSqIyh2cI https://t.co/VosP5VeSjc
409,0,‚ÄúThe #MeToo movement is using some of the same strategies that Black activists used to mobilize during the anti-lyn‚Ä¶ https://t.co/pKazeKIe0i
410,0,"#MeToo campaign may change university culture, students say | guardian"
411,0,"A New post In #MeToo era, Oscar nominees get pepper spray in gift bags has been published on https://t.co/BjNOf0HAHN"
412,0,"""Women don't need to find a voice, they have a voice. They need to feel empowered to use it.""
Meghan Markle wants t‚Ä¶ https://t.co/LhKKlFO2zF"
413,1,BREAKING NEWS!!! TRUMP RIGHT!! CORRUPT FBI EXPOSED AKRON OHIO=CENTAC=FBI DEA IRS local cops did HIT on real estate‚Ä¶ https://t.co/Av4fP6li59
414,0,"#MeToo campaign may change university culture, students say https://t.co/8B7ot5tdiO https://t.co/93c7bLYlWq"
415,1,"https://t.co/0TGW9nOKD0

Apple #HomePod #GIVEAWAY 
#applenews #Apple #Android #AppleWatch #AppleMusic #MWC2018‚Ä¶ https://t.co/KlVEKMyNOK"
416,0,"Men are still mostly paying for dates, an anachronism in a time of women‚Äôs marches and the #MeToo movement.‚Ä¶ https://t.co/39ACWjh35l"
417,0,You can be human and not disgusting. You can be woman and not feminist. You can be non-racist and not hypocrite. Yo‚Ä¶ https://t.co/LQssCG1z5U
418,0,Jennifer Lawrence:‚ñ∂Ô∏èI was treated 'in a way that now we would say abusive' via @cnni @PBS @camanpour‚Ä¶ https://t.co/S1onQGZyH5
419,0,"One thing that I really feel has been downplayed in the #metoo is how you carry your predator.

Ppl can come up to‚Ä¶ https://t.co/1omx5VAyLP"
420,0,"#MeToo A woman says she had Steve Wynn's child after he raped her: AP, citing police reports https://t.co/57KwfnOcUl"
421,0,Just started watching Film 2018....ok #metoo has gone to far.... the world has been taken over by Disney...
422,0,"https://t.co/cNVKN7oxEu

Very harrowing article discussing how the #MeToo movement hasn't caught on in Japan and th‚Ä¶ https://t.co/4iyeNK4J2r"
423,0,"Former Infowars staffers filed a formal complaint against conspiracy theorist #AlexJones alleging anti-Semitism, ra‚Ä¶ https://t.co/ebNfbzJqSq"
424,1,Shoutout to @Apple for completely destroying my #IPhone battery after the update that I didn‚Äôt want. #MeToo #BatteryLife
425,0,"Watching #Apple Macintosh ad from January 1984 seems relevant again given emergence of #MeToo , i.e., powerful woma‚Ä¶ https://t.co/HrkkdUiHos"
426,0,"Culinary women serve up their own #MeToo moment in Sweden
https://t.co/B3EdKJdR1B
+1 LondonBot #London #food"
427,0,Culinary women serve up their own #MeToo moment in Sweden https://t.co/hwE8f7i40p #food
428,0,#teamfollowback Jimmy Kimmel's mission impossible - Oscar host in midst of #MeToo https://t.co/adkf6ezovz #followmejp
429,1,Show your support for Nolan Bushnell and help defeat Brianna Wu's run for Congress by purchasing The Original Since‚Ä¶ https://t.co/XKDoRd4OUi
430,1,Driving in #SouthFlorida is easier when you are not driving. Search for #CarolDrives in your #App Store &amp; download‚Ä¶ https://t.co/lcbo9lAtx6
431,0,Stalking for Love at the Movies https://t.co/TvQ5XIgTer via @YouTube if video games causes school shootingsüôÑ What d‚Ä¶ https://t.co/qa3rKypHsY
432,0,#TeamFollowBack Is #meToo changing Hollywood? https://t.co/2xxTyaO2D2 #AutoFollowback
433,1,"Atari‚Äôs #MeToo Moment https://t.co/26eESTiIfM via @thefilmgoblin

#MeToo #Atari #Retro #Gaming
#GamerGate #GDC #FilmGoblin"
434,1,Hello #America! If you crave #influencernews  and #gossip follow #CookieJar daily on twitter.  #gaming #oscars‚Ä¶ https://t.co/DfUCgXETzI
435,1,"Check out D474‚Ñ¢ #FreeMixtape
https://t.co/hO8oppqnuo
@D474designs

#TeamFollowBack #Quote #wanderlust #Oscars‚Ä¶ https://t.co/ysUM2XoaBA"
436,1,Hello #America! If you crave #influencernews  and #gossip follow #CookieJar daily on twitter.  #gaming #oscars‚Ä¶ https://t.co/tsUMlYgjQU
437,1,#RT #musicbyfollowers Hello World! Here's an interesting post! #ifb #tfb #mgwv #metoo #neveragain #bepeace https://t.co/5lZ80No0PX
438,1,Hello #America! If you crave #influencernews  and #gossip follow #CookieJar daily on twitter.  #gaming #oscars‚Ä¶ https://t.co/yMbdpfjiDB
439,1,"Some return to gorgeous Avril Lavigne's song ""What the Hell"". This is actually my song number one in this week. üíú‚Ä¶ https://t.co/3QKgh8VbAq"
440,1,Hello #America! If you crave #influencernews  and #gossip follow #CookieJar daily on twitter.  #gaming #oscars‚Ä¶ https://t.co/ALEp0NzTNE
441,1,Hello #America! If you crave #influencernews  and #gossip follow #CookieJar daily on twitter.  #gaming #oscars‚Ä¶ https://t.co/FgcDJF6gVa
442,1,Sea of Thieves Funny Moments &amp; Highlights Episode 3: (Half our crew was on LSD can you guess which half?)‚Ä¶ https://t.co/U3x6K2b0wk
443,1,Courage above all things is the first quality of Warrior @StephenCurry30 #bestrong #GetBack #friday‚Ä¶ https://t.co/aHqTIjlWhZ
444,1,Wow look at them cloudsüòçüòçüòçüòçI love clouds like and retweet this if u like cloudsüò≠ #CloudNative #clouds #beautiful‚Ä¶ https://t.co/4lA9I6lJcj
445,0,"In the wake of #MeToo and #TimesUp, women across the world rallied for change on #InternationalWomensDay‚Ä¶ https://t.co/LQ7G9ZeZse"
446,1,Super Seducer is the last game we need in the #MeToo era #tech #technology #gadgets #science #computer #pc #games &gt;&gt; https://t.co/slyLRcCh7C
447,1,"Unsane: Steven Soderbergh's iPhone-shot thriller, starring Claire Foy, is a timely #MeToo warning https://t.co/Dq8ThuCHxj #iphone"
448,1,"Colorful treatüòçüòçMore #videos, more #fun. All in: https://t.co/G6xwtoNKBQ üëàüëà#innovation #AusOpen #Japan #HongKong‚Ä¶ https://t.co/rbjfDD0lhn"
449,1,Hello #America! If you crave #influencernews  and #gossip follow #CookieJar daily on twitter.  #gaming #Oprah‚Ä¶ https://t.co/ViywmEJ0ld
450,1,"Tiggi's working hard in her studio promoting her latest single #MeToo, rocking our Gradius Gaming Gear (‚Ä¶ https://t.co/H0jIpsHTmJ"
451,1,Hello #America! If you crave #influencernews  and #gossip follow #CookieJar daily on twitter.  #gaming #Oprah‚Ä¶ https://t.co/A4BZvh3P3T
452,1,"Why are scantily clad women appearing in ads on kid üßí apps/games like 1010!, ad by Jet? See pics. 

@Jet @JetHeads‚Ä¶ https://t.co/knregkySfN"
453,1,Hello #America! If you crave #influencernews  and #gossip follow #CookieJar daily on twitter.  #gaming #Oprah‚Ä¶ https://t.co/pzkmTdhMR4
454,1,"TANK RAID VID COMING UP #1

#PokemonGO #BlackOps4 #Fortnite #PUBG #stream #Fortnitemobile #Android #app #Apple‚Ä¶ https://t.co/krJVUNzbJP"
455,0,Director #TerryGilliam interview w/@TheHollywoodR goes sideways on #Twitter ‚ùáÔ∏è#MeToo |#TimesUp #movement‚Ä¶ https://t.co/WDOHkn7ntC
456,0,"""@Atari's groundbreaking Women speak across the decades"" in this article on @VentureBeat #women #gaming #metoo  https://t.co/8UBoUs8DY5"
457,1,Carrie-Anne Moss on Jessica Jones and opening up to #MeToo: ‚ÄòI didn‚Äôt want to be a victim‚Äô #tech #technology‚Ä¶ https://t.co/SvEuaoY5Lm
458,0,"Steven Soderbergh‚Äôs ‚ÄúUnsane‚Äù updates the pulpy thriller for the #MeToo era https://t.co/1P1advT8c9
#filmmaking‚Ä¶ https://t.co/IGUaVi8a26"
459,1,"Play please:
https://t.co/PDxC0QNYgN
#PlayArtifact #music #AppleMusic #Apple #art #Look #LookWhatYouMadeMeDo‚Ä¶ https://t.co/Azxtixxlne"
460,1,"@Apple @AppleSupport is as bad  Updating..Now my #ipad Pro wil get heavy wid another .5GB of upgrade ,run slower &amp;s‚Ä¶ https://t.co/xf6b56uIM0"
461,1,Visit our store and subscribe to our email list to get a special offer code!!! Don‚Äôt wait!!!‚Ä¶ https://t.co/7LxpvGsrFM
462,1,Getting a W!! https://t.co/bZWdQ0q99z  #twitch #TwitchPrime #twitchstream #GamingLife #gamingislife #GamingConsoles‚Ä¶ https://t.co/uXa92h9LbL
463,1,"Check out new work on my @Behance portfolio: ""Logo Design Project""
#Primavera #IFB #follow #followforfollow‚Ä¶ https://t.co/M6gmOL5mAb"
464,0,Farmworkers protest lack of inclusion in #metoo movement. Wendy's continues to resist joining the fair food movemen‚Ä¶ https://t.co/ozjWUIUUMW
465,1,"#iPhone #iMessage #Stickers #MeToo #DeleteFacebook 
Let's #Metoo Stickers https://t.co/u6xt1VVVoD https://t.co/bKfdHYNvoO"
466,1,"Why? Because it sounds good n I‚Äôm freakin starving. Yum 

#cheers #PizzaLovers #foodporn #foodie #MeToo https://t.co/N2lVmgkg1M"
467,1,Duo With My Brother!! https://t.co/bZWdQ0q99z  #twitch #TwitchPrime #twitchstream #GamingLife #gamingislife‚Ä¶ https://t.co/6L7vogwXbr
468,1,Everyday while going to the gym I pass by sweet shop and I hear someone is whispering HI SEXY today I decided to di‚Ä¶ https://t.co/JGdtRItUvW
469,1,It should be a crime to sell these burgers so cheap! Putting all that raccoon meat in the mix probably wasn‚Äôt sound‚Ä¶ https://t.co/qlf56PXcP9
470,1,"Support Sleep Out for Homeless Not too late to Donate https://t.co/F8v5mp1UKP via @DonorDrive
#cpr #trafficking‚Ä¶ https://t.co/x2E5Q5Sovp"
471,1,"Need a new iPhone? üôã

üì≤ https://t.co/SeeKbXVCwi

Invite your friends to Online Checkout.
#apple #iphone #metoo‚Ä¶ https://t.co/RCronT9ulv"
472,1,Hey Apple. #iPhone #error #MeToo https://t.co/lLkZvNPKSR
473,1,The latest The Job_Cuxhaven Daily! https://t.co/wxhKXszhKY #metoo #apple
474,1,"I'm live on Twitch - Watch me at https://t.co/5EUZtLKWqz
Man it would be nice to have some SOLID viewers.
#alone‚Ä¶ https://t.co/1zad6hKiHB"
475,1,"Friends! PCU will be at @AwesomeCon!
Come join us on Fri. 03/30 at 5pm in Room 201, to talk about the the #MeToo mo‚Ä¶ https://t.co/WrIUkGeIQ9"
476,1,Virtually all millennials want to see more women represented in video games. #millennials #marketresearch‚Ä¶ https://t.co/alvtRSrt1T
477,1,"""It‚Äôs too soon for #MeToo apathy"" via https://t.co/BOP8oGOU7u #sacramento #foodies #food"
478,1,"New poem upload!! Don't know if I did it justice but you can tell me.

SHE THE GLORY IN THE STARS‚Ä¶ https://t.co/UsytUMspmk"
479,1,The latest The gtn Daily! https://t.co/kqpHyBm55m #metoo
480,0,Donald Trump‚Äôs 12 Preachy Sermons About Just How Much He Respects Women ... ... ... üòéhttps://t.co/lvxatl2dM1  ... üôÇ‚Ä¶ https://t.co/0zgpPHP2qi
481,0,Six months of #MeToo: Hopes are high for lasting impact https://t.co/4LazWUtfLx
482,0,Debate: Has the #MeToo Movement Gone Too Far? https://t.co/Pr50YtBQQ3 via @YouTube
483,0,CNN Article Claims That The Easter Story Is Like A ‚Äò#MeToo Moment‚Äô https://t.co/PMtbvu4Cwb https://t.co/KCHrm0Fpkt
484,0,She was #MeToo before #MeToo!!! #AlessandraForMayor. (Then we‚Äôll consider her for president!) https://t.co/5JAHnzkMmb
485,0,Refugee women say #MeToo https://t.co/nY0nC5xX0g
486,0,"How A Mermaid Fits Into The #MeToo Movement On Siren
https://t.co/IyOhBDcW9H https://t.co/LagRnIP2Yy"
487,0,"""Six Months of #MeToo: Hopes Are High for Lasting Impact"" by THE ASSOCIATED PRESS via NYT https://t.co/ioRZcc09Az"
488,0,The #MeToo stories you haven‚Äôt heard: Meet the women speaking out in¬†Nigeria https://t.co/neyUkv6sOz https://t.co/2PoxxyYDhh
489,1,"#ASNE Honors Stories on Harassment, #BorderWall https://t.co/WYvK3ofz9m  @dahleeng #NYtimes #metoo #ProPublica‚Ä¶ https://t.co/6gB4qCFijS"
490,0,"China and digital : ""Chinese feminists found asolution for censoring of social networks as WeChat and invited a syn‚Ä¶ https://t.co/ZHLdsteW5n"
491,0,FEMINIST FRIDAY: PBS Asks What's Next For Sexual Harassment &amp; Abuse In The #MeToo Era - #inspire #empower #feminism https://t.co/EjmhPOnBS9
492,0,"RaeLynn - ""Queens Don't"" (Official Music Video) https://t.co/xE60n83xSk via @YouTube this is a message we can get b‚Ä¶ https://t.co/RhWngYU0Ih"
493,0,"üõë BizPac Review News üõë 

üëâ The AP hails Mary Magdalene as a Biblical ‚Äò#MeToo‚Äô poster child‚Ä¶ https://t.co/5oJbaNwy2B"
494,1,My bad today isn't #April so what I should've said is when GayD asked his #cat what it's doing? I should've said yo‚Ä¶ https://t.co/KSNxQnbpHC
495,0,"KELLCEY, by Kacey Kells #Book #MeToo ‚ÄúAbuse in any form is not an easy subject to write about for fear of the melod‚Ä¶ https://t.co/zKDPscBJVt"
496,0,CNN Article Claims That The Easter Story Is Like A ‚Äò#MeToo Moment‚Äô https://t.co/l0LXJArYHN via Justin Caruso
497,1,The latest The Ken Nugent Daily! https://t.co/pcv6XbTyLs #honoringmlk #metoo
498,0,#MeToo The wolves of Hollywood  https://t.co/BZSfvV1rZE
499,0,"So proud of my teen. Just left the ER bc she was strong enough to say I‚Äôm a Victor, NOT a Victim. She joined the‚Ä¶ https://t.co/nETGv9lZKo"
500,0,April is Sexual Assault awareness month. #SexualAssault #MeToo #Awareness
501,1,CNN Article Claims That The Easter Story Is Like A ‚Äò#MeToo¬†Moment‚Äô https://t.co/3HWtPLgyWQ https://t.co/YcGxhZ2lAh
502,1,What‚Äôs Wrong With Hailing Mary Magdalene as a Biblical #MeToo Poster Child https://t.co/VrkQzUJJch https://t.co/FrQQHt7Ger
503,1,#RussianInfluenceinAmerica READ ENTIRE THREAD #MAGA #military #RefusePreEmptiveStrike #NoWar #STOPBolton‚Ä¶ https://t.co/pecf6KEOM6
504,0,"In the #MeToo era, @Walmart has taken a stand against treating women as sex objects! How? They removed‚Ä¶ https://t.co/yrkAifxWRA"
505,0,Dems could lose a safe seat in Congress over #MeToo scandal https://t.co/vr9gbvYjRM
506,1,The latest Just Music Daily! https://t.co/E78SHrbxJD #metoo #isleofdogs
507,0,Holly Richardson: Making changes in the wake of the Mormon #MeToo Moment - Salt Lake Tribune https://t.co/jOfMWYnvia
508,1,Fabulous vs. Emily B (FIGHT) - DiscoverDior: https://t.co/52EloZHUM8 Video of Fabulous flying into an absolute rage‚Ä¶ https://t.co/U53DsSQ3HH
509,1,#Metoo movement is new backdrop since Bill Cosby's mistrial https://t.co/Lr96Tqc9Ft
510,1,"Please follow,like and buy from this store https://t.co/Fy6uqPgJlG 
#TheVoiceUK #JoshuavParker #JoshuaVsParker‚Ä¶ https://t.co/arRN61wtcR"
511,1,"Wonder what @davidhogg111 ‚Äòs followers think of his views on women, particularly on #TransDayOfVisibility #Feminism‚Ä¶ https://t.co/AxdZv0CZSy"
512,0,"Women are the real action ""sheroes"" in the gospels...

How Easter became a #MeToo Moment https://t.co/wkXrM2xvQS"
513,1,Sandell &amp; Co Daily is out! https://t.co/2ErYEvetz5 #metoo #wral
514,0,"RT @Essence: After refusing to take a shower with a producer, @ashanti reveals the cost to work on her album sudden‚Ä¶ https://t.co/pMUnd5oaQj"
515,0,"70 years before #MeToo, women ruled Hollywood - New York Post https://t.co/BpwGJ1kwUb"
516,1,Hey. @haleynmichaels's #NewSingle #MeToo is NOW available on #iTunes @iTunes https://t.co/VLoMPj84wR RT
517,0,I was willing to give Terese Mailhot a pass regarding her NOT listening to Native women assaulted by Sherman Alexie‚Ä¶ https://t.co/tRf2wbss11
518,1,The Olympian talked with folks in the local theater community about upheaval at Harlequin: https://t.co/4vy5x7bkm3‚Ä¶ https://t.co/sRKv5Zjohy
519,0,The #metoo movement is shedding light on the struggles women in the workplace face. @dianepaddison shares on Linked‚Ä¶ https://t.co/4hE3Hv1e8p
520,0,What's Wrong With Hailing Mary Magdalene as a Biblical #MeToo Poster Child: In a story distributed for Good Fr.. https://t.co/ct3dOnN5Zf
521,0,The state of the world re: #MeToo  https://t.co/mXhWr3Sj1s
522,0,"Respect for women.. is the greatest gift .. #RespectUs @RespectYourself #MeToo #KindnessMatters https://t.co/yq97sGOIpI
-by HealingMB"
523,0,"Kinda wondering how meaningless #metoo is becoming: Esty, a CT Democrat, entered into a nondisclosure agreement w h‚Ä¶ https://t.co/3m7sxkUiSv"
524,0,I‚Äôm surprised #MeToo movement ain‚Äôt come for Master Roshii mans is a perv
525,0,CNN Article Claims That The Easter Story Is Like A ‚Äò#MeToo Moment‚Äô https://t.co/iLDyLPI5ml via @dailycaller #nhpolitics
526,0,"For a town that supports women and feminism, to use a service owned by a woman abuser, like @IthacaToGo is mind bog‚Ä¶ https://t.co/EXNgzBQC00"
527,1,":V wheres the lie?!
#Feminism #marvel #DC #Gaming #love #Metoo &lt;lol #DiversityandInclusion
 #gamergate &lt;for the lolz https://t.co/37Ex3fUTSk"
528,1,"BABYYYY üò≠üòçüíó    @justinbieber - [follow @jbloverteam for more ] -
-
#JUSTINBIEBER #KYLIEJENNER  #like4like‚Ä¶ https://t.co/YDJtaWIqPW"
529,1,"Unite against the injustice.
#Injustice #Crime #Bullying #Help #RaisetheVoice #Justice #Together #TimesUp #MeToo‚Ä¶ https://t.co/ehcjS3hRlh"
530,1,This entire thread deserves attention. #NetNeutrality #Netflix #Nasim_Aghdam #Google #Facebook #Apple #iPhone‚Ä¶ https://t.co/PY68ugKta4
531,1,Cosplay Let's play Resident Evil 7. WATCH HERE: https://t.co/bswEutIK7i   üî•@Capcom_UK #ResidentEvil7 #cosplay‚Ä¶ https://t.co/pSIOOBiacb
532,1,"Well, I didn't hink I'd see this today. #ThrowbackThursday #ThursdayThoughts #TrumpRussia #Putin #Bannon #GodOfWar‚Ä¶ https://t.co/RiCYY0ePoV"
533,1,Cosplay Let's play Resident Evil 7. WATCH HERE: https://t.co/hhRSNak6yx   üî•@Capcom_UK #ResidentEvil7 #cosplay‚Ä¶ https://t.co/A6KHNhbcEX
534,1,Cosplay Let's play Resident Evil 7. WATCH HERE: https://t.co/fWFCLtKXSz   üî•@Capcom_UK #ResidentEvil7 #cosplay‚Ä¶ https://t.co/f1YevXJ8NV
535,1,The latest Erha's Daily News! https://t.co/6MLGPMTNed #food #metoo
536,1,Credit to @tzalamstam and @smeital79 #swimming #studio #bnw #bnwportrait #blackandwhite #mood #studioshot #black‚Ä¶ https://t.co/ZvjvbNQszQ
537,0,"6 Keys To Interacting With Opposite Sex Coworkers In #MeToo Era 
@dailydose @nikkigiavasisofficial @tonioskits‚Ä¶ https://t.co/KXHhQSetgv"
538,1,.@Bourdain says Mario Batali should just ‚Äòretire and count yourself lucky‚Äô #food #metoo #restaurantnews‚Ä¶ https://t.co/hbnhqr8dgc
539,1,They're talking facts too ‚úä #MeToo #AQuietPlace #Fortnite #followme #follow4follow https://t.co/ktZeI9We7k
540,0,"Tony Robbins' praise of Steve Wynn sparked his #MeToo tirade in San Jose, say...
https://t.co/w1TLNUVXEf
+1 HellaBot #eastbay #food"
541,1,The latest The GamerBlogTv Daily! https://t.co/8nJiLmZxXX Thanks to @DrfeelgoodNj @TheNerdFu @SpenserNewsome #iphone #metoo
542,1,"I need followers asap, pls follow me @DinFarsasGranne 
#follow4follow
#jk
#biggerisbetter
#buffon
#todayistoday‚Ä¶ https://t.co/rDDp7uWhDF"
543,1,"Me: wow he‚Äôs amazing Im so lucky 
Also Me: I think I‚Äôm falling in Lo....
Inner bad bitch instincts: *YEEEEET BITCH*‚Ä¶ https://t.co/7MHhbp0uYc"
544,0,https://t.co/rqLjRC6eUq    Let‚Äôs talk #MeToo    üë©üèæüë©üèºüë©üèª Download at iMessage Appstore. üíï #movement For‚úäüèª‚úäüèº‚úäüèæ #Women‚Ä¶ https://t.co/4CukCLUGQF
545,1,Why we built the Heroines of Taste and exactly what famous women cheffes are in there? https://t.co/cfpCsh9gHR‚Ä¶ https://t.co/y5CSigGlPN
546,0,"In the era of #MeToo, Martyrs is where body is battleground and sisterhood offers shelter.

Romana Soutus brings an‚Ä¶ https://t.co/28skY71dlU"
547,0,"Women am I right?

How funny would it be if Trump gave us the #MeToo roofie bar.
Like... 10/10 president right? Who‚Ä¶ https://t.co/PY2fiup65V"
548,1,"Are people concerned about their privacy now that the iPhone is no longer safe?
#metoo #genxworkplace #ted2018‚Ä¶ https://t.co/JoNmc5xtun"
549,0,"Just so u know, #men are never harassed/bullied, ever, in any circumstance. And if so, its a lot lot less. And ofco‚Ä¶ https://t.co/MeqbwHY9DK"
550,0,https://t.co/rqLjRCnQj0      Let‚Äôs talk #MeToo    üë©üèæüë©üèºüë©üèª Download at iMessage Appstore. üíï #movement For‚úäüèª‚úäüèº‚úäüèæ‚Ä¶ https://t.co/NFkrKu1if6
551,1,"@WalkWoke is an #iPhone app that empowers activists to create, share, and print beautiful and impactful #protest si‚Ä¶ https://t.co/BphnD0rFFl"
552,0,Make a Difference. Join the Resistance. Learn more about @WalkWoke https://t.co/fFrPYjJxRB #NewApp #Apps #Apple‚Ä¶ https://t.co/9N59Wqhijd
553,0,Tangelo Launches @WalkWoke the First Resistance Movement App for Creating Powerful Protest Signs‚Ä¶ https://t.co/KCySrhuNrc
554,0,"Time‚Äôs Up! Women and Immigrant Led Tech Company Fights for Equality in Resistance Art App
https://t.co/jQuByBxwL4‚Ä¶ https://t.co/GL4dtANyrt"
555,1,"Anna Lonergan is a powerful girl in a dangerous world. 
https://t.co/idMjrfahd5
.
#irishtown #girlpower #MeToo‚Ä¶ https://t.co/QaVLaGr6Dk"
556,1,"Need a case for your #iphone? We have plenty!
#apple #CellPhone #Deals #BlueJays #MeToo #NASCAR #Yankees #Sixers 

https://t.co/UuPvbTeYSj"
557,1,"Kroger...all original #Lefties...GUARANTEED.  Just like #Apple.
If they still are #dumacrats or #hateTrump they‚Äôre‚Ä¶ https://t.co/i6KOYiE67j"
558,1,"Bathkiss give away! follow us! and we‚Äôll let you try it out!! -xoxo
#monday #instagood #love #motivation‚Ä¶ https://t.co/MrlR4a7N9i"
559,1,"Hows your stress level today??
#lost #love #art #photography #travel #instagood #abandoned #photooftheday #followme‚Ä¶ https://t.co/BOa7pto2GC"
560,1,"Love doesnt have time!!!!!!!!!!! 
#love #instagood #beautiful #photooftheday #follow #girl #like4like #followme‚Ä¶ https://t.co/b4ji3abQPv"
561,1,Go add me on instgram~h3artless.riri üîê #Like #like4like #follow #MeToo #LOVE_YOURSELF_ËΩâ_Tear https://t.co/gStPQrZM6J
562,1,"Enter my Dungeon if you dare

The price is your dirty underwear 

I will make you beg

To chain your legs

Then I w‚Ä¶ https://t.co/PHzSsz423f"
563,1,"Tune in later for the live stream with Goat sama

Find me and Subscribe @ https://t.co/Pisl2tiEEb

#youtube‚Ä¶ https://t.co/GHne8roGGI"
564,1,Wtf is this man thinking.üòÇ #Fortnite #wtf #gaming #followmytwitch #2018 #funny #great #awesome #stupidity‚Ä¶ https://t.co/XPvvTheMrC
565,1,"Subscribe, get me to 7k! 
https://t.co/XUUQCxRKZR

#youtube #youtuber #Sub4Sub #Subscribe #subscribers #video‚Ä¶ https://t.co/UzUd3Z0wmc"
566,1,"#payday? Come over and check out our #deals! #freeshipping 
#iphone #apple #kids #Shoes 
#420day #NHLBruins #MeToo‚Ä¶ https://t.co/D1lvsmzA78"
567,0,https://t.co/rqLjRCnQj0        Let‚Äôs talk #MeToo    üë©üèæüë©üèºüë©üèª Download at iMessage Appstore. üíï #movement For‚úäüèª‚úäüèº‚úäüèæ‚Ä¶ https://t.co/nvVRD5frB9
568,1,"Attractive, Diverse and ORGANIC #cuba #lgbt #gaytravel #destinationcuba #WoofCuba #MeToo #food #organicfood https://t.co/hpLvGacxF7"
569,1,"It must be Friday night... 

#NationalLookAlikeDay #MeToo #Pizza #Brighton #Food #Takeaway #DineIn #Foodie #Cocktails https://t.co/xIeGFm5qdJ"
570,1,"Apple update iOS 11.3 - What's new?
#womenMW #MondayMotivation #metoo #apple #iphone #ios11_3 #SpreadTheWord #iOS11‚Ä¶ https://t.co/OwKBqNqkSW"
571,0,"As a woman who falls into the #MeToo category, who boldly professes #NeverAgain and wants her America back from cro‚Ä¶ https://t.co/YjGmLPxglp"
572,0,California restaurant @homeroom510 has a very clever and effective way to help staff deal with sexual harassment by‚Ä¶ https://t.co/sLGVv6NYkp
573,1,"#SmallYouTuberARMY 
#twitch 
#InfinityWar 
#gaming 
#poetry 
#bnetraffic 
#thedrum 
#MeToo 
#MusicVideo‚Ä¶ https://t.co/iAy01zseBF"
574,0,https://t.co/rqLjRCnQj0         Let‚Äôs talk #MeToo¬†    üë©üèæüë©üèºüë©üèª Download at iMessage Appstore. üíï #movement For‚úäüèª‚úäüèº‚úäüèæ‚Ä¶ https://t.co/7X22XGeKvX
575,1,In life there's always a good side and a bad side #tattoo #videogames #Twitter #Beautiful #beauty #BeautifulLove‚Ä¶ https://t.co/LC3YUG7r31
576,1,"Respect The Senator #MeToo
https://t.co/nvpqRVcPmh   

#SciFi #NowPlaying #amwriting #amreading #gamedev #indiedev‚Ä¶ https://t.co/4AkTBkTcHQ"
577,1,the #orderofprotection does not say whether ur a #cop‚Äîor not‚Äîso I guess I can #Tweet #dirtycop‚Äîhell not even sure i‚Ä¶ https://t.co/PIWnxkF2yc
578,1,"People will hate you, Rate you, Break you, and Shake you..
How Strong you Stand is what Makes you.‚Ä¶ https://t.co/N2oSc0rYTF"
579,1,SF Critic Michael Bauer‚Äôs Annual ‚ÄòTop 100‚Äô Restaurants List Totally Fails on #MeToo https://t.co/pV999ka2sN #Food‚Ä¶ https://t.co/UQr5MwpkpV
580,1,https://t.co/rqLjRCnQj0          Let‚Äôs talk #MeToo    üë©üèæüë©üèºüë©üèª Download at iMessage Appstore. üíï #movement For‚úäüèª‚úäüèº‚úäüèæ‚Ä¶ https://t.co/xD4k94WKlD
581,0,"Portrait of @BillCosby 
Such a timely opportunity to paint this in light of the #metoo movement and the Bil Cosby c‚Ä¶ https://t.co/t0GI8d3NcQ"
582,1,The latest The Rj3sp Daily! https://t.co/9SuOViPgsN #iphone #metoo
583,1,"NSFW Damn, So apparently @Apple‚Äôs #Siri has quite the #salty side | #IOS #Apple #HappyMothersDay #MeToo‚Ä¶ https://t.co/qnHsmGXz3u"
584,1,"tasty soup 
For Android  https://t.co/hndB8xhOcz
#seniorsevent18 #bambamchujai #leenam #nddl #ps4live‚Ä¶ https://t.co/PcwlYAwKor"
585,0,https://t.co/rqLjRCnQj0           Let‚Äôs talk #MeToo    üë©üèæüë©üèºüë©üèª Download at iMessage Appstore. üíï #movement For‚úäüèª‚úäüèº‚úäüèæ‚Ä¶ https://t.co/jZJ7lUDir2
586,1,#follow4follow  https://t.co/l9sF8n7Rzh I am the mother of a 20 year daughter in Prison. We are desperate to raise‚Ä¶ https://t.co/5lZue9Hd3s
587,0,Dispelling The Myth Of The Girl Who Cried Rape https://t.co/rtuX2MTaHH  #metoo #timesup https://t.co/JHDx3Ft0mD
588,0,#EmbracingMyself means setting boundaries and distancing ourselves from negative people https://t.co/4qC66EO7QE‚Ä¶ https://t.co/GNk35ZGb7h
589,1,I added a video to a @YouTube playlist https://t.co/Sy9jahMROU Welcome to the #METOO #TIMESUP 2018 | #GAYFORJUSTIN
590,0,Ask me again why women hesitate to come forward.  #MeToo https://t.co/bk7Q0NxfeY
591,0,The #MeToo Poem That Brought Down Korea's Most Revered Poet https://t.co/a0EH5VWjHd
592,0,"Speaking of #MuteRKelly. When is wrestling going to expose their #MeToo list? Many fan favorites should be shaking in their boots, right?"
593,1,I liked a @YouTube video https://t.co/rB8Ilu5Qc6 Charlie Rose Is Going To Interview Other Men With #MeToo Scandals
594,0,"Who are the best organizations and individuals helping people, particularly men understand #MeToo and this moment o‚Ä¶ https://t.co/yYlybtCMN5"
595,0,"In the midst of the #MeToo movement, other institutions have revoked honorary degrees awarded to high profile indiv‚Ä¶ https://t.co/BEEzwJpuVw"
596,0,‚ÄúVictims don‚Äôt get closure and abusive staff aren‚Äôt moved or disciplined. Justice delayed can mean justice denied.‚Äù‚Ä¶ https://t.co/znoWf0H4QL
597,0,still raising money for women of color who are survivors of sexual violence! if you can please donate! #saam #metoo‚Ä¶ https://t.co/anxkeZAg4h
598,0,"ICYMI, part 2

@PacificStand @Lollardfish on why it's important that journalists not report non-apologies as ""apolo‚Ä¶ https://t.co/1XXVFGgTjt"
599,0,10 ways workplaces can turn #MeToo into actions that promote equality: https://t.co/YakjBhaPf0 via @guardian https://t.co/l1cpiVp8ew
600,0,"(Luckily Baudelaire didn't live to see this development.) In the #MeToo Moment, Publishers Turn to Morality Clauses‚Ä¶ https://t.co/h5vatL4TeW"
601,0,"Ashley Judd says #metoo is an economic issue since sexual misconduct can hurt women‚Äôs paychecks, which hurts U.S. families"
602,0,"Baseball Hall of Famer on the hot seat for on-air joke about women, #MeToo movement: https://t.co/nO6h6424Yu"
603,0,"So before anyone else jumps on this #MuteRKelly band wagon claiming to stand up for black women, let's keep in mind‚Ä¶ https://t.co/UYMQs8JvMQ"
604,0,Do U agree with @DaRealAmberRose that the #MeToo movement has become all about rich white women? Hear what she had‚Ä¶ https://t.co/nm4u9Q7ZL6
605,1,The latest LASHCONTROL Beauty Guide! https://t.co/RPWCpTvCkj #metoo #westworld
606,0,"I‚Äôm not surprised. I‚Äôve been sexually harassed in an @Uber twice. Yes, I reported both times. @CNN #MeToo https://t.co/OjSeDKk3Ow"
607,0,Feeling like now is a good time to bring this gem with @consentproject back #consentissimple #metoo #timesup https://t.co/pfdRAhZbMx
608,0,"ICYMI: Mike Schmidt makes sexist remarks during Phillies broadcast, mentions #MeToo movement. https://t.co/9iHoNkKzpV"
609,0,"Men, Want To Get Support #MeToo? Try These 6 Steps To Achieve Gender Equality At Work https://t.co/Ev2U1d9b4S https://t.co/Vx4A5KGErm"
610,1,Trump surrounds himself with misogynist cretins as grotesque as him. #metoo #TimesUp #GOP #WarOnWomen #VoteThemOut‚Ä¶ https://t.co/t1bt1wEexO
611,0,#MeToo Don't take Uber. This is horrible! https://t.co/sLblvirPrl
612,1,The BOBCast Network Hear All About It! https://t.co/96mtG8Z0ZA #metoo #patriots
613,0,Thank you for continuing to fight back @AshleyJudd.  #metoo https://t.co/tmB8vTBrjZ
614,1,"From Parkland to #MeToo, 2018 Is the Year Journalism Met¬†Activism https://t.co/ESeqALzGcI"
615,0,"Sigh...... ‚ÄúIn the wake of the #MeToo movement and a rash of sexual-harassment scandals, software companies are cre‚Ä¶ https://t.co/q05LYzO1Rx"
616,0,This. ‚ÄúBoth the products and the people of the entertainment industry have been shaped by a culture of harassment w‚Ä¶ https://t.co/QowhQ6F8Wo
617,0,"The #CosbyRetrial Jury issued a statement Monday saying they stuck to the law, had ‚Äúabsolutely no reservations‚Äù abo‚Ä¶ https://t.co/PY07kx29bx"
618,1,R. Kelly Says The Time's Up Campaign Against Him Is 'Unjust And Off-Target' https://t.co/G0KT45BhML #rkelly‚Ä¶ https://t.co/faXhA1NKns
619,0,These sickos just can't help themselves. Roy Moore is right up there with every other pervert.  #MeToo #Resist‚Ä¶ https://t.co/JiskA7Ytoc
620,0,"Why is it so important that women are economically empowered?
 https://t.co/oLJhpoBfqq

What difference does it mak‚Ä¶ https://t.co/W0QswDag1j"
621,0,"#RoyMoore 
Roy Moore. 
@MichaelAvenatti   Care to represent these women against Roy Moore? Or can you suggest an ex‚Ä¶ https://t.co/iDvaXQ88Y1"
622,1,"TURA! Belted, buckled and booted! #TuraSatana #JustDoIt #CultFilm #FasterPussycatKillKill #YOMYOMF #AsianAmerican‚Ä¶ https://t.co/zSAYA2SrwH"
623,0,"Mute R. Kelly Protest Sponsored By Times Up Movement
#MuteRKelly #TimesUp #MeToo
https://t.co/SnB0cDqOSf"
624,1,The latest Amtify Daily! https://t.co/K5Zexr1oiT #metoo #iphone
625,1,"Dab is new culture of happiness in our generation...
#dabit #DAB #NASHIK #VISHWAL 
#vishwal #‚úå #MeToo‚Ä¶ https://t.co/nsmphHE5E5"
626,1,"Afternoon 
 #metoo #instacat #instalike #instagay #instagramers #iphone‚Ä¶ https://t.co/BjUrOkeAJ9"
627,1,"Old books 
#metoo #instacat #instalike #instagay #instagramers #iphone‚Ä¶ https://t.co/O4ZoUNT25f"
628,0,https://t.co/rqLjRCnQj0            Let‚Äôs talk #MeToo    üë©üèæüë©üèºüë©üèª Download at iMessage Appstore. üíï #movement For‚úäüèª‚úäüèº‚úäüèæ‚Ä¶ https://t.co/EQSaN60TLX
629,1,Give your Heart Hope &amp; it will Accomplish Greatness!#music #marketing #MeToo #METGALA18 #MTVBRPETBATMAN #np‚Ä¶ https://t.co/OFFYF7CzNZ
630,0,"Many women are likely to experience sexual harassment in the restaurant industry early in their work life, somethin‚Ä¶ https://t.co/6R08FhSsPx"
631,0,"‚úç‚úçwomenempowerment‚úç‚úç
In favour of #MeToo campaign 
#l4l #likeforlike #likeforfolow https://t.co/O7ylJavU7p"
632,1,"Look in the mirror of your Heart...
See the unique &amp; amazing beauty that is u!#beautiful #quote #Inspiration #moms‚Ä¶ https://t.co/WRwkTuqk9I"
633,1,"....""and a #little #child shall #lead them..."" #food #homesweethome #world #KidsDeserveIt #families #people it all‚Ä¶ https://t.co/0uU0Zw0V8U"
634,0,#Apple #CEO Tim Cook encourages Duke graduates to be ‚Äòfearless‚Äô like the women of #MeToo and the Parkland shooting‚Ä¶ https://t.co/dPaRKyfASs
635,1,Anyone else relate? #single #Gemini #Taurus #Capricorn #Scorpio #Libra #Pisces #Virgo #Sagittarius #Aries #Aquarius‚Ä¶ https://t.co/qheMcC7Xql
636,1,"Men Hairstyles https://t.co/Vy67MPBPo7
#shinee #carp #tbs #mina #theboyz #seniorsevent18 #bambamchujai 
#leenam‚Ä¶ https://t.co/YE80C4FBzM"
637,0,"‚ö°Ô∏è#Moments:#TimCook #Commencement #Speech
#Apple CEO return to #AlmaMater #DukeUniversity to speak to #Graduates‚Ä¶ https://t.co/Mh1VBFHbc0"
638,1,The latest The Kam Tong Restaurant Daily! https://t.co/ROlP9SMYGa #metoo #food
639,1,The Sacrifices Of Motherhood #HappyMothersDay2018 #women #metoo #girl #teen #career #pregnancy #food #foodie‚Ä¶ https://t.co/VdzJhQBIYM
640,1,'The best time in history to be alive' -- #Apple head honcho @Tim_Cook tells #Duke grads; says he's inspired by the‚Ä¶ https://t.co/RYk1vAxvYq
641,0,"#Apple Music &amp; #Pandora Join #Spotify In Fight Against R. Kelly

https://t.co/mpSTjz6BWl #StreetScienceRadio #SSR‚Ä¶ https://t.co/TJmHeeb0sH"
642,1,.@businessinsider: #Apple #CEO @tim_cook encourages #Duke #graduates to be #fearless like the #women of #MeToo and‚Ä¶ https://t.co/Bx2MVVqk5e
643,1,I know all ur tricks #CPS have played your #games for so many years. I've heard every #excuse come out of your‚Ä¶ https://t.co/5g5FkDzZKQ
644,1,@PlayOverwatch YOU'RE LOSING PEOPLE IN COMP BECAUSE OF PEOPLE NOT TALKING. IT SHOULD BE MANDATORY TO HAVE MIC TO PL‚Ä¶ https://t.co/GBu0Sbd4Mj
645,1,"Major victory! Thank you @steam_games for removing sexually graphic scenes in games on your site!

When #videogames‚Ä¶ https://t.co/F6IqcTsLhi"
646,0,Mario Batali Is Being Investigated for a New Claim That He Drugged and Sexually Assaulted a Woman in His Restaurant‚Ä¶ https://t.co/fQo3bH58kS
647,1,https://t.co/rqLjRCnQj0          Let‚Äôs talk #MeToo     üë©üèæüë©üèºüë©üèª Download at iMessage Appstore. üíï #movement For‚úäüèª‚úäüèº‚úäüèæ‚Ä¶ https://t.co/tFztseHBaK
648,1,The One Time Harvey Weinstein Was Able To Control Himself‚Ä¶ https://t.co/yl9UMM7Aqx #Meme #Humourhub #Humourhub2018‚Ä¶ https://t.co/ZcJntOaBBN
649,0,#Domestichelp working in an affluent #society in #andheri is #arrested for #voyeurism . The #accused had placed his‚Ä¶ https://t.co/0H372T2ElG
650,0,"#ArianaGrande tributes #manchesterattack 
#Weinstein in custody?
#DannyBoyle for Bond
#MorganFreeman says #MeToo‚Ä¶ https://t.co/wq85uQv13h"
651,1,"Photo : shaheerasimfilms1415
.Goto insta &amp; follow
.
#Lovelyz #like4like #NewProfilePic #news #fashion‚Ä¶ https://t.co/6WeCJmImqm"
652,1,"Photo : shaheerasimfilms1415
.Goto insta &amp; follow
.
#Lovelyz #like4like #NewProfilePic #news #fashion‚Ä¶ https://t.co/iRttec2jql"
653,1,"Photo : shaheerasimfilms1415
.Goto insta &amp; follow
.
#Lovelyz #like4like #NewProfilePic #news #fashion‚Ä¶ https://t.co/udkQv2VvhQ"
654,1,"Photo : shaheerasimfilms1415
.Goto insta &amp; follow
.
#Lovelyz #like4like #NewProfilePic #news #fashion‚Ä¶ https://t.co/06jwjsB6OK"
655,1,I am waiting for the day when .@GearboxOfficial ruins #BrothersInArms just to be progressive and cater to political‚Ä¶ https://t.co/mXrzd254E6
656,1,The latest The Darren Hood (UXPulse) Daily! https://t.co/z1FEngELM1 #gaming #metoo
657,0,#MeToo is not just claiming sexual predators. But also workplace assholes. That's why Steve Jobs would not fare so‚Ä¶ https://t.co/qymuNzgtN7
658,1,https://t.co/rqLjRCnQj0         Let‚Äôs talk #MeToo    üë©üèæüë©üèºüë©üèª Download at iMessage Appstore. üíï #movement For‚úäüèª‚úäüèº‚úäüèæ‚Ä¶ https://t.co/LKmMwGWsQE
659,1,Yo dude if you playing Fortnite all week chances are you girls banging someone else fore nights a week #Fortnite #week #videogames #MeToo
660,1,#lawnmowers here also used to #intimidate‚Äîspew #rocks #dirt #filth on my #deck #food #belongings‚Äî#NoiseHarassment i‚Ä¶ https://t.co/SSyKTCVaHJ
661,1,When You Stick 2 Fingers In Your Booty‚Ä¶ https://t.co/JFFCaQvpe1 #Meme #Humourhub #Humourhub2018 #Funny #Fun #LOL‚Ä¶ https://t.co/IEsJHlMqhI
662,1,"EU Member States agree on monitoring &amp; filtering of internet uploads

https://t.co/2MsGpMhaFl #Europa #Europe‚Ä¶ https://t.co/xChe684M44"
663,0,"How #MeToo is changing the conversations for both women founders and male VCs. ""You've either decided to focus on t‚Ä¶ https://t.co/tFnNhxwiYX"
664,0,1st lawmaker expelled since #MeToo seeking office in Arizona A former Arizona lawmaker who became the first kicked‚Ä¶ https://t.co/2LRGDicw6o
665,0,Married Pastor Arrested for Rubbing Oil on Woman's https://t.co/taiLSuDjzD via @YouTube #tdjakes #cogic  #rhoa #nbc‚Ä¶ https://t.co/KAQ89ymLTt
666,1,"I know , I know...Yup #metoo"
667,1,#metoo #TimesUp finally learned how to properly make memes https://t.co/ib2cU4eUHH
668,0,#Double standard @RoseanneBarr says bad word gets fired. @SamanthaBee says bad word not fired. The Liberals have no‚Ä¶ https://t.co/Ley9vRlQj2
669,0,Our #MeToo anthology wins Bronze @IPPYAwards ! https://t.co/p5tYnk8b78 https://t.co/XYAkLUdodn
670,0,Wait until folks figure out how much Samantha Bee just undermined the #MeToo section of power. She manufactured &amp; e‚Ä¶ https://t.co/Y4LB5LW4Bc
671,0,"Hey, @Starbucks, do you know Planned Parenthood, which you fund, has been covering up child sexual abuse for decade‚Ä¶ https://t.co/OS5DWG26Aa"
672,1,Oh look another washed up Hollywood actor defending attacks on Trumps. How is your career going? #metoo https://t.co/Y3nr3PH5Bh
673,1,The latest The Aria Gardhadipura Daily! https://t.co/h7Y3XaKWBE #roseanne #metoo
674,0,"""I can't do anything anymore"": Men and women describe how #MeToo has changed the way they work https://t.co/QPIiIQWCmF via @nbcnews"
675,0,"‚Äú41 percent of men told us they've never heard of the #MeToo movement.‚Äù https://t.co/kla5FY9LSn

Forty-
one
percent
ü§¶‚Äç‚ôÇÔ∏è"
676,0,8.5 years in prison for Toronto pastor who sexually assaulted church members https://t.co/Uowpmw6wgx via‚Ä¶ https://t.co/tl6FFzwa4h
677,0,"What are some of the reasons for blaming victims? https://t.co/rIsjCyqjvB

Please share your comments and thoughts‚Ä¶ https://t.co/nk9fVNYUPx"
678,0,"Thank you @AssemblyDems &amp; @AssemblyGOP for bipartisan, unanimous vote for #AB3082, which will protect home care wor‚Ä¶ https://t.co/csTOhiaT2L"
679,0,"Alaina Hampton, the original Madigan #MeToo accuser, has harsh words for Lou Lang press conference rebutting harass‚Ä¶ https://t.co/THEl0iUtLW"
680,0,I have been emotionally abused without noticing and manipulated and all of my information i have told someone and h‚Ä¶ https://t.co/brjxdZWW5b
681,1,"Mannnnnn. I just heard God say, ""I'm about to bless you publicly!""
üò¢üôåüò¢üôåüò¢

If you receive it too, type, #MeToo"
682,0,Many military sexual assault victims don't feel comfortable coming forward of those who did reported retaliation for doing so #MeToo
683,1,Coffee $5. Flight to Chicago $300. Harvey Weinstein‚Äôs perp walk ‚Äî PRICELESS. #timesup #metoo @AshleyJudd @rosemcgowan #HarveyWeinstein
684,0,#DonShooter better not be able to come back into ANY public office! #MeToo #WomenInPolitics https://t.co/k6ts0PxdTb
685,1,The latest The Builder Buzz Daily! https://t.co/o1apN27BN9 Thanks to @BrianSchwagerl #realestate #metoo
686,1,Blessing in disguise: the trains suck üôáüèº‚Äç‚ôÄÔ∏è but I had time to read the new @JewishCurrents cover to cover üôåüèª esp en‚Ä¶ https://t.co/6TgADEB17x
687,0,‚ÄúBe definition rape cannot be asked for‚Äù We must #endvictimblaming! #MeToo #EndTheSilence #TimesUp #EmbracingMyself‚Ä¶ https://t.co/kkcP4MRT0O
688,0,Gretchen Carlson: The Supreme Court Tried to End #MeToo. Here‚Äôs How We‚Äôre Fighting Back. https://t.co/I9SbLPsGNF
689,0,"Meanwile, journalist finds hate speech, sexism &amp; misogyny is alive &amp; well after daring to critique Elon Musk‚Ä¶ https://t.co/ZroqVEfzsh"
690,0,Thanks to @FullFrontalSamB Ivanka Trump can officially claim membership in the #MeToo Movement. #FireSamanthaBee
691,0,41 percent of men say they've never heard of the #MeToo movement - https://t.co/8SY0EbSIaf
692,0,"Dem Senator Accused Of Frequenting Women‚Äôs Bathroom In recent months, the #MeToo movement has taken a stand agains https://t.co/0AviZ8AZsj"
693,0,my sources tell me. lebron wants to leave the cavs. cuz he has a #metoo complaint against big daddy gilbert
694,0,"Texas Senate updates its sexual harassment policy, six months after #MeToo reports from the Capitol https://t.co/ZZxv1ui4pc"
695,1,"Wake. Bake. Caffeinate. | Bringing the #MeToo Movement to Fresno/Clovis. First up: Louis C. Brosi III,‚Ä¶ https://t.co/wym9zHk0FJ"
696,0,"#Springfield2018. An odd adjournment day: budget deal, MJM capo weakened, #Metoo victory &amp; @governorrod commutation? https://t.co/E3aoyLy3cS"
697,0,"Radio Chatter! üìª | Source: #Ke0Kpv | So here I sit, bullied out of #hamradio, a #metoo moment that tells me ""fagots‚Ä¶ https://t.co/sm4D9jCzth"
698,0,"Hi, @AshleyJudd - we agree: #TimesUp on sexual abuse. Will you also stand with these women and children? Their voic‚Ä¶ https://t.co/PwK7LibWHa"
699,0,"Southern Baptist leader Paige Patterson fired over handling of sex abuse allegation 
#metoo
https://t.co/e9xYOEBuS0"
700,0,"The attorney‚Äôs letter sent Tuesday describes last week‚Äôs report as ‚Äúthe product of malicious intent, falsehoods, sl‚Ä¶ https://t.co/YKh3eafnPx"
701,0,"Tarana Burke clarifies the real purpose of #MeToo: ""Our goal is really to support the survivors, and to make sure s‚Ä¶ https://t.co/6xlEJNShc4"
702,0,"‚ÄúIt shook me - how much money, position, power it took for women to speak out about Harvey Weinstein‚Äù - elka abraha‚Ä¶ https://t.co/THHk3nuU84"
703,1,When I first got to #Florida the smell of the sea was omnipresent I don't notice it now #food #trump #MeToo
704,0,#MeToo: #Nevada Regulators Shine a Spotlight on the #Sexual Harassment Policies of #Gaming Licensees‚Ä¶ https://t.co/ytQDYfSsZv
705,0,#MeToo: #Nevada Regulators Shine a Spotlight on the #Sexual Harassment Policies of #Gaming Licensees https://t.co/MNjJa1nlYt
706,0,#MeToo: #Nevada Regulators Shine a Spotlight on the #Sexual Harassment Policies of #Gaming Licensees https://t.co/zFbybtU1ou
707,1,remembering 15-20 packed to a #camp here‚Äî#parties all weekend #drinking #gambling #games on the #beach‚ÄîI was‚Ä¶ https://t.co/ePhRs0rdHC
708,1,"The female gamers are good example of driving STEMs
#diversity #women #MeToo #STEM #Equality #EqualityForAll‚Ä¶ https://t.co/RmNZgDWNZw"
709,1,Why would @JulieChen  commit suicide by hosting idiot show #BigBrother  only losers watch #BlackLivesMatters  #MeToo  #space #food
710,1,The latest The My Personal Finance Daily! https://t.co/Cq7uf0nDeu #apple #metoo
711,1,The latest The SIGREA Daily! https://t.co/qiB5XpmoxV #apple #metoo
712,1,"@lsilverbush powerful talk yesterday at #wxnyc18 on #MeToo, #food and finding a place in both head and heart."
713,1,My new ride ain't she purty #bicycle dont have a name yet any ideas its #kent #bayside #MeToo #food #space‚Ä¶ https://t.co/ogH9hXpEAt
714,1,It‚Äôs Not Rape‚Ä¶ https://t.co/yO984WaZpu #Meme #Humourhub #Humourhub2018 #Funny #Fun #LOL #Laugh #Humour #LMAO‚Ä¶ https://t.co/Fu2TAZRuYH
715,1,https://t.co/rqLjRCnQj0        Let‚Äôs talk #MeToo    üë©üèæüë©üèºüë©üèª Download at iMessage Appstore. üíï #movement For‚úäüèª‚úäüèº‚úäüèæ‚Ä¶ https://t.co/zzBMrxeduI
716,1,"From #food to #metoo to travel to his sense of storytelling &amp; adventure, #AnthonyBourdain became one of my few pers‚Ä¶ https://t.co/h1KPgs5NHA"
717,0,"How former ‚Äòbad boy‚Äô chef Anthony Bourdain became fierce #MeToo supporter
https://t.co/nKiIiPT5Hx
+1 HellaBot #eastbay #food"
718,1,"Check out our #YouTube playlist for #HIVEIGNITEWEEK Tuesday events here: https://t.co/tIhpYJAqaA

@GrowTix‚Ä¶ https://t.co/FmgznJPKj6"
719,1,"The #MeToo #MeTooMovement Lost a Great, Empathetic Friend today with the passing of #AnthonyBourdain
As a #Chef 
As‚Ä¶ https://t.co/zsLearKBp9"
720,0,"#MeToo
#IoT @TMZ

Is that @NBC's Matt Lauer?

(BTW, all existing #NBC footage of #MattLauer is being replaced with‚Ä¶ https://t.co/Koel12O1NK"
721,1,Speak your mind on The Starrin‚Äô Network #Follow @StarrinTeens @StarrinJunior @StarrinWorld @StarrinBlac‚Ä¶ https://t.co/aKflr9Bfz8
722,1,"""#METoo Has Destroyed REputations, NaMEs &amp; Legacies But Can't Get Rid Of #ChristopHErColumbusDay?""
#R2c2h2Says 
#GAMES"
723,1,Hey everyone should follow me for no reason and lets see how many random followers I get! And go #random #hiphop‚Ä¶ https://t.co/G277N2Hv7o
724,0,"Labour Leader Jeremy Corbyn Promises ‚Äò#MeToo Workplace Revolution‚Äô
https://t.co/aTuUiP11f8
+1 LondonBot #London #food"
725,0,Sexual #harassment in #restaurants: How Philly's #food scene is grappling with #MeToo https://t.co/2UwwJaxBEd via @philly.com
726,1,Stormy Daniels On Holiday‚Ä¶ https://t.co/ueYKW7f1xz #Meme #Humourhub #Humourhub2018 #Funny #Fun #LOL #Laugh #Humour‚Ä¶ https://t.co/Lose098ggN
727,1,‚ÄúI eat my feelings and self medicate with shitty food‚Äù üôåüèº #food #diets #friyay #eat #goals #health #MeToo
728,1,"Ever just sat down and wondered why potatoes are potatoes?
#food #foodie #potatoes #junk #in #da #trunk #thirsty‚Ä¶ https://t.co/Lg2s3v07p7"
729,1,WHAT'S THAT? You can't find our #YouTube playlist for #HIVEIGNITEWEEK Tuesday events?  No probs! It's right here:‚Ä¶ https://t.co/t1zwvbzJVa
730,1,Dad! Knock It Off‚Ä¶ https://t.co/VLRojymD2L #Meme #Humourhub #Humourhub2018 #Funny #Fun #LOL #Laugh #Humour #LMAO‚Ä¶ https://t.co/xaqmuO0xxr
